EngineSize,FuelConsumptionCity,CO2Emissions
2,9.9,196
2.4,11.2,221
1.5,6,136
3.5,12.7,255
3.5,12.1,244
3.5,11.9,230
3.5,11.8,232
3.7,12.8,255
3.7,13.4,267
2.4,10.6,212
2.4,11.2,225
3.5,12.1,239
1.8,9.7,193
5.9,18,359
5.9,18,359
4.7,17.4,338
4.7,18.1,354
4.7,17.4,338
4.7,18.1,354
5.9,18,359
2,9.9,202
2,11.5,230
2,10.8,214
2,11.5,230
2,11.5,230
2,10.8,214
2,12,235
3,12.8,251
3,9.8,217
3,13.3,262
3,9.8,217
3,13.1,258
4,13.7,265
3,9.8,224
3,13.1,258
4,14.7,288
6.3,18.7,363
3,9.8,224
2,11.8,242
2,12,239
3,12.9,258
3,10.2,244
2,9.9,212
3,15.1,304
3,12.4,290
4.2,17.6,336
4.2,21.2,407
5.2,18.2,347
5.2,21.1,409
4.2,17.6,336
4.2,21.2,407
5.2,18.2,347
5.2,21.1,409
4.2,15.3,306
4.2,15.2,308
4,15.5,293
3,13.2,262
3,14.6,285
3,13.2,262
3,14.6,285
3,13.3,267
4,14.2,281
4,14.2,281
4,15.8,300
3,14.9,292
2,10.4,209
2,10.4,209
2,11.5,237
2,11.5,237
4,16.3,314
6,18.8,356
4,17.4,332
6,20,380
6,20,380
6,20.3,388
2,10,193
2,10.4,200
2,10.2,202
2,7.6,181
2,7.6,181
2,10,193
2,10.4,200
2,10.6,209
2,10.6,209
2,10.6,209
3,11.4,221
3,11.8,230
3,11.7,228
3,11.9,237
3,11.9,232
2,10,193
2,10.4,200
2,10.6,209
3,11.4,221
3,11.8,230
3,11.7,228
3,11.9,237
2,10.2,202
2,10.6,209
3,9.2,213
3,11.9,232
3,12.5,246
4.4,14.4,281
4.4,15,292
3,11.9,232
4.4,15,292
4.4,14.4,281
4.4,15,292
3,12.5,246
4.4,15,292
4.4,15,292
6,18.7,356
3,9.2,191
3,10.5,214
3,10.5,212
4.4,15,292
4.4,15,292
4.4,17.3,338
4.4,16.2,317
4.4,17.3,338
4.4,16.2,317
4.4,17.3,338
4.4,16.2,317
4.4,17.3,338
4.4,16.2,317
2,10.6,209
3,13.2,260
2,11.2,230
3,12.6,253
3,12.9,255
4.4,16.3,320
4.4,18.1,370
3,13.6,274
4.4,16.4,324
2,10.8,209
2,10.4,200
3,13.7,278
3,12.7,253
3,13.7,278
3.6,14.3,283
3.6,14.6,290
1.4,9.5,196
1.4,10.2,212
3.6,13.7,264
3.6,18.4,250
3.6,13.7,264
3.6,19.4,264
2.4,9.6,189
2,11.5,228
2,11.6,225
2,12.3,246
2.4,9.6,189
2,11.5,228
2,11.6,225
2.4,11.3,218
2,11.3,221
2,12.1,235
2.5,10.5,207
3.6,12.8,251
2,11.8,232
3.6,13.1,260
3.6,13.2,258
3.6,13.3,262
2,11.9,232
3.6,12.9,248
2,12.6,248
3.6,13.1,260
3.6,15.1,294
3,12.7,253
3.6,13.3,260
3,12.8,255
3.6,13.3,262
6.2,19.7,382
6.2,16.7,340
6.2,19.7,382
6.2,16.7,340
6.2,19.7,382
6.2,16.7,340
6.2,17,338
6.2,18.8,377
3.6,14.3,283
3.6,14.8,294
3.6,13.6,262
3.6,14,271
3.6,14.8,290
3.6,13.2,258
3.6,14.2,269
3.6,12.7,242
6.2,15.3,294
6.2,15,292
6.2,19.7,382
6.2,16.7,340
6.2,14.9,276
6.2,13.7,258
1.4,9.1,179
1.4,9.1,179
1.8,10.5,202
1.8,9.5,189
2,8.7,192
1.4,9.1,177
1.4,8.4,163
2.4,10.5,209
3.6,13.9,276
3.6,18.8,259
2.4,11.5,230
3.6,14.8,290
3.6,19.8,272
4.3,17.1,347
5.3,18,366
5.3,18.3,380
5.3,18.6,380
5.3,18.3,380
5.3,18.6,380
5.3,18.3,380
4.8,21.1,414
4.8,21.3,419
2.5,11.3,221
3.6,12.6,244
3.6,16.7,229
2.4,10,200
2,11.5,228
2.5,9.3,184
2.4,12.2,244
2.4,11.8,235
4.3,13.4,271
4.3,18.9,269
5.3,14.6,292
5.3,19.5,270
6.2,16.3,324
4.3,14.2,290
4.3,20,285
5.3,14.9,299
5.3,19.9,277
6.2,16.4,329
1.4,9.1,184
1.4,8.5,173
1.8,9.6,191
1.8,8.9,182
1.4,9.4,191
1.4,8.8,184
1.4,9.1,184
1.4,8.5,172
1.8,9.6,191
1.8,8.9,182
1.4,9.4,191
1.4,8.8,184
1.2,7.7,159
1.2,7.6,159
5.3,16,317
5.3,16,317
5.3,16,317
5.3,16,317
3.6,14.3,283
3.6,14.6,290
1.4,9.4,193
1.4,9.1,186
1.4,10,207
3.6,12.4,237
2.4,11.7,232
2.4,12.9,246
3.6,12.5,242
3.6,17,230
2.4,11.2,225
2.4,12,230
3.6,12.5,242
3.6,17,230
5.7,15.8,294
3.6,12.8,251
5.7,16.1,308
3.6,12.8,251
3.6,17.3,237
3.6,12.4,237
3.6,16.8,222
6.4,16.7,317
3.6,14.1,276
3.6,19.7,269
2.4,11.2,225
2.4,12,230
3.6,12.5,242
3.6,17,230
3.6,13.2,258
5.7,15.6,301
5.7,15.8,294
6.4,16.8,320
6.4,16.7,317
3.6,13.2,258
3.6,12.4,237
5.7,15.8,294
3.6,12.8,251
5.7,16.1,308
3.6,12.8,251
3.6,17.3,237
3.6,13.2,258
3.6,18.3,251
3.6,12.3,235
3.6,16.8,222
6.4,16.7,317
2,9.4,186
2.4,10.1,198
2.4,10.5,202
2,9.9,198
2,14.2,195
2.4,10.6,212
2.4,10.2,202
1.4,8.4,168
1.4,8.5,168
5.7,17.3,331
3.6,13.9,278
3.6,17.7,250
3.6,13.7,271
3.6,19.2,264
2.4,12.7,255
3.6,14.5,285
3.6,14.2,276
3.6,18.9,259
1.4,8.5,179
1.4,8.5,179
1.4,8.7,182
1.4,7.9,166
1.4,8.5,179
1.4,8.7,182
1.4,7.6,156
1.4,8.5,179
1.4,10,200
1.4,9.3,193
2,5.6,138
4.6,17.7,373
5.4,19.3,396
4.6,18.6,386
5.4,20.6,421
2,11.3,225
3.5,12.6,248
3.5,13.3,264
3.7,13.7,281
1.6,10.4,209
2,10.9,221
2.5,10.9,216
1.6,10.5,214
2,11.2,230
5.4,18.2,368
2,11.8,235
3.5,14.8,299
3.5,13.7,274
3.5,18.3,254
3.5,14.3,288
3.5,18.9,267
3.5,14.5,292
3.5,14.6,294
6.2,18.3,366
3.5,15.9,317
3.5,15.4,308
6.2,20.1,402
3.7,14,283
3.7,18.8,264
3.7,14,283
3.7,18.8,264
5,16.4,336
5,16.4,336
3.7,15,308
3.7,20.2,288
3.7,15,308
3.7,20.2,288
5,16.8,343
5,16.7,340
6.2,20.4,414
1.6,8.5,175
1.6,8.6,175
1,7.5,152
1.6,8,161
1.6,8.9,184
3.5,13.2,264
3.5,13.7,278
3.5,14.8,294
2,10.2,205
2,8.8,177
2,11.7,165
2,8.9,179
2,11.7,165
2,9.1,184
2,11.9,170
2,8.4,166
2,11.6,162
1.5,10.1,196
1.6,9.4,186
2,10.5,207
2.5,10.5,205
1.5,9.5,186
2,10.9,216
2,5.3,126
3.7,12.1,235
3.7,12.7,244
5,13.3,264
5,15.4,292
5.8,15.9,304
3.7,12.5,244
2,10.5,209
3.5,13.7,271
3.5,12.1,237
3.5,17,229
3.5,13,258
3.5,18.4,251
1.6,10.8,218
2.5,11.3,228
1.6,11.5,232
2.5,11.9,239
3.6,14.3,283
3.6,14.9,297
4.3,17.1,347
5.3,18,366
5.3,18.3,380
5.3,18.6,380
5.3,18.3,380
5.3,18.6,380
5.3,18.3,380
4.8,21.1,414
4.8,21.3,419
4.3,13.4,271
4.3,18.9,269
5.3,14.6,292
5.3,19.5,270
6.2,16.3,324
4.3,14.2,290
4.3,20,285
5.3,14.9,299
5.3,19.9,277
6.2,16.4,329
2.4,10.5,209
3.6,13.9,276
3.6,18.8,259
2.4,11.5,230
3.6,14.8,290
3.6,19.8,272
5.3,16,317
5.3,16,317
6.2,17,338
6.2,18.8,377
5.3,16,317
5.3,16,317
2.4,9,182
2.4,9.1,186
2.4,10.1,200
3.5,11,209
3.5,11.4,221
3.5,13,251
2,4.7,110
1.8,7.9,161
1.8,8.1,166
1.8,8.5,175
3.5,12.5,246
2.4,10.3,209
2.4,10.6,216
1.5,6.6,145
1.5,7.6,159
1.5,8.3,172
1.5,8.3,177
3.5,12.3,244
3.5,13.3,265
3.5,13.9,276
3.5,15.2,308
1.6,8.8,177
1.6,8.7,177
2,9.8,198
2,9.8,196
5,15.7,304
3.8,13,255
3.3,13,258
3.3,13.3,267
2.4,11.6,237
2,12.9,264
2.4,12.5,255
2,11.4,221
2.4,9.8,196
2.4,6.5,143
2.4,6.6,145
2,10.2,214
2,11.4,232
2.4,11.3,230
2,11.4,242
2.4,11.6,244
1.6,8.6,177
1.6,9.1,184
1.6,9.9,202
1.6,9.7,196
3.7,12,235
3.7,12.6,248
3.5,8.2,172
3.5,8.7,189
3.7,13.3,265
3.7,13.6,269
3.7,14.3,283
3.7,12.9,255
3.7,13.5,267
3.7,12.8,253
5.6,14.5,283
3.7,13.2,267
5.6,15,294
3.5,8,175
3.7,13.6,271
3.5,11.9,244
3.5,12.3,253
2.5,8.8,196
3.7,14.5,294
5,16.6,334
5.6,17.4,345
3,11.8,237
3,12.2,244
5,15,294
2,12.3,242
3,14.7,281
5,15.7,306
5,21.3,290
5,15.7,306
3,14.6,285
5,15.8,306
5,20.6,280
3,14.7,285
5,15.8,306
5,20.6,280
5,15.8,306
5,15.8,306
5,15.1,301
5,14.8,290
5,15.9,315
5,15.6,310
5,15.9,315
5,15.6,310
2.4,10.9,218
3.2,12.3,242
2.4,11.3,230
3.2,12.5,248
2.4,11.4,232
3.2,12.5,253
2.4,12.1,251
3.2,13.4,267
2,10.7,228
2,11.1,225
2,10.2,209
2.4,11.1,225
2.4,10.3,216
2.4,11.4,235
2.4,10.3,216
2.4,11.7,255
5.7,17.3,340
3,11.2,267
3.6,13.9,278
3.6,17.7,250
6.4,18.5,363
2,10.7,228
2,11.1,225
2,10.2,209
2.4,11.1,225
2.4,10.3,216
2.4,11.4,235
2.4,10.3,216
2.4,11.7,255
3.6,14.1,294
3.6,14.2,294
3.6,14.8,308
3.6,15,308
3.3,12.7,251
1.8,9.6,191
1.8,9.3,184
2,9.8,193
2,9.7,193
1.6,11.1,223
1.6,11.1,225
2,9.7,193
2,9.8,196
1.6,10.6,216
1.6,10.8,221
2,9.6,193
2,9.8,198
2,11.7,228
2.4,10.2,200
2.4,6.5,143
2.4,6.7,147
1.6,8.7,175
1.6,8.7,177
1.6,8.5,175
2,10.5,212
2,10.8,214
3.5,13.7,276
2.4,11.8,237
3.3,12.9,262
2.4,12.3,253
3.3,13.4,271
1.6,9.8,205
1.6,9.9,207
2,10.1,209
2,9.7,202
2.4,11.4,230
2.4,12.9,260
2,12.7,262
2.4,12,246
5.2,18,361
5.2,20.6,400
2,13.5,274
3,16.3,334
2,11.3,225
2,11.3,225
5,18,354
5,17.2,347
3,14.2,285
3,14.2,285
3,19.4,278
5,17.3,345
5,16.6,338
3,14.1,283
3,14.1,283
3,19.4,277
5,18,354
5,17.2,347
1.8,5.5,129
2.5,5.8,138
3.5,11.3,221
3.5,12.1,239
3.5,12.5,253
3.5,7.7,175
4.6,15.7,320
2.5,11.2,223
2.5,11.8,239
2.5,11.2,223
3.5,12.2,244
3.5,12.5,253
3.5,12.1,244
5,14.6,290
4.6,14.5,283
4.6,15.1,297
4.6,15.1,297
5,12,262
5.7,18.8,380
3.5,13.3,269
3.5,12.7,255
3.5,7.9,189
3.5,13.7,271
3.7,13.1,260
3.5,14.8,294
2,11.5,235
3.7,14,281
3.7,13.7,281
2,10.5,207
3.7,13.1,262
2,6.2,145
5.4,18.2,368
3,15.2,292
3,15.2,292
4.7,18.2,347
4.7,18.2,352
3.8,17.6,334
3,15.9,301
2,8.9,189
2,9,184
2.5,9.6,198
2,9.3,196
2.5,9.8,205
3.7,14.2,283
3.7,14.3,290
1.5,8.4,177
1.5,8,170
2,7.9,159
2,8,161
2.5,8.4,170
2.5,8.3,168
2,8,161
2,8,163
2,8.2,166
2.5,8.7,177
2.5,8.2,168
2,8.2,166
2.5,10.8,223
2.5,11.1,225
2.5,8.8,175
2.5,9.4,186
2.5,8.4,168
2,11.5,235
2,10.5,221
2,11.1,228
2,9.2,184
1.8,10.9,216
1.8,11,216
3.5,12.2,242
3.5,16.4,224
3.5,12,242
3.5,11.9,239
3.5,12.1,244
3.5,12.1,242
6.2,17.7,347
6.2,17.9,352
4.7,15.4,304
5.5,15.4,308
2,9.1,179
2,10.3,212
4.7,13.3,264
5.5,15.1,301
5.5,15.1,301
2.1,8.5,194
3.5,11.8,235
3.5,11.6,230
3.5,11.9,239
3.5,12.1,242
3.5,12,239
3.5,11.9,235
3.5,9.6,202
4.7,13.6,267
4.7,13.7,269
4.7,13.4,262
5.5,15,297
5.5,15.5,310
5.5,15,297
5.5,15.5,310
5.5,20,419
5.5,19.4,407
3,13.4,324
4.7,17.1,350
4.7,17.6,359
5.5,17.7,363
2.1,9.6,230
3.5,12.6,260
3.5,13.4,278
3.5,17.8,256
3,11.8,278
4.7,16.2,327
5.5,17.2,356
4.7,14.3,278
4.7,14.2,276
5.5,15.6,304
4.7,13.4,269
5.5,14.8,292
6,16.7,327
1.8,10.3,205
1.8,10.4,207
3.5,11.1,225
5.5,12.3,246
6.2,18.7,380
6.2,18.2,361
6.2,18.2,361
1.6,8.7,179
1.6,8.6,179
1.6,8.7,179
1.6,8.6,179
1.6,9.4,200
1.6,8.6,179
1.6,8.5,175
1.6,8,168
1.6,9.4,200
1.6,8.6,179
1.6,8.7,179
1.6,8.6,179
1.6,9.3,191
1.6,9.1,184
1.6,9.3,191
1.6,9.1,184
1.6,10,207
1.6,9.3,196
1.6,9.3,191
1.6,9.1,184
1.6,10,207
1.6,9.3,196
1.6,9.3,191
1.6,9.1,184
1.6,9.3,191
1.6,9.1,184
1.6,9.3,191
1.6,9.1,184
1.6,10,207
1.6,9.3,196
1.6,9.3,191
1.6,9.1,184
1.6,10,207
1.6,9.3,196
1.6,9.3,191
1.6,9.1,184
2,9.2,189
2,9.6,191
2.4,10.5,218
2,14.2,288
2,14,283
2,13.4,267
2,9.6,198
2,9.8,198
1.2,6.4,138
1.2,7,147
2.4,9.5,198
2.4,9.9,209
3,11.5,235
2,9.6,200
2,9.9,202
2,9.8,207
3.7,12.6,253
3.7,13.3,264
3.7,13,262
3.7,13.5,269
2.5,8.7,175
3.5,10.8,214
5.6,19.1,380
2.5,13.7,283
2.5,12.2,260
4,14.7,292
4,15.7,315
4,14.8,301
3.8,14.5,297
1.6,8.7,186
1.6,9.5,198
1.6,9.3,200
3.5,12.3,251
3.5,13.2,271
2,10,214
3.5,12,244
3.5,12.3,253
2.5,9.1,202
3.5,12.5,255
2.5,9.2,191
2.5,9.5,198
1.8,7.8,161
1.8,8.7,179
5.6,17.9,359
5.6,19.7,398
1.6,7.2,152
1.6,8.6,177
4,16.1,327
4,15.2,315
3.4,11.6,232
3.4,12.5,246
3.4,11.8,237
3.4,12.4,246
3.4,12,242
3.4,12.6,253
3.8,12.3,248
3.8,12.8,253
3.8,12.7,253
3.8,12.9,258
3.4,11.6,232
3.4,12.4,246
3.8,12.1,244
3.8,12.6,248
3.8,12.4,246
3.8,12.6,251
3.8,16,322
3.8,13.7,274
3.8,13.7,274
3.8,13.7,274
3.8,13.7,274
2.7,10.7,212
2.7,11.5,228
3.4,11.3,225
3.4,11.9,239
3.6,14.1,290
3.6,15.8,313
3,11.8,277
4.8,16.7,338
4.8,15.5,310
3,11.8,251
4.8,16.3,326
4.8,18,358
2.7,10.7,212
2.7,11.5,228
3.4,11.3,225
3.4,11.9,239
3.6,12.9,251
3.6,13.1,255
3,13.4,260
3,13.7,264
4.8,15.1,292
3,13.4,260
4.8,15.3,294
4.8,15.4,297
5.7,17.1,340
5.7,15.8,313
5.7,17.6,354
5.7,16.3,324
3,12.1,286
3.6,14.6,290
3.6,20.5,285
3,11.6,275
3.6,13.9,274
3.6,19.4,269
3.6,12.9,260
3.6,13.3,262
3.6,18.6,254
6.6,19.1,368
6.6,19.1,368
6.7,20.7,393
6.7,20.7,393
6.7,20.7,393
6.7,20.7,393
6.6,18.7,359
2,9.6,193
2,10.9,218
1.3,6.6,143
2.5,10.2,207
2.5,10.2,207
2.4,10.9,228
2.4,10.9,228
1.8,8.8,184
1.8,8.6,182
1,6.9,147
1,6.9,147
8.4,20,389
8.4,20,389
2,9.6,196
2,11,221
2,10.2,218
2.5,9.6,198
2.5,10.9,223
2,8.7,179
2,9.6,196
2.5,12.6,258
2.5,14.2,288
2,8.7,179
2,9.6,196
2.5,12.6,258
2.5,14.2,288
2.5,9.7,198
2.5,11.3,228
3.6,13.3,267
2.5,9.9,207
2.5,10.8,225
3.6,13.4,269
3.6,14.7,301
2,9.5,196
2,10.2,212
2,8.1,177
4,14.3,297
4,14.3,297
3.5,11.3,221
2.5,9.5,189
3.5,11.1,221
2.5,5.5,131
2.5,5.8,138
1.8,8.6,177
1.8,8.1,168
1.8,8,163
1.8,8.3,170
1.8,7.7,156
1.8,7.8,159
1.8,9.4,196
1.8,8.9,189
4,14.3,297
4,15.4,320
2.7,11.7,237
3.5,12.6,258
3.5,13,264
3.5,8,191
3.5,7.9,189
1.8,4.7,110
1.5,4.6,108
1.8,5.3,126
2.5,10,205
2.5,10.4,216
2.5,10.6,218
5.7,19,384
3.5,12.9,260
3.5,14.2,285
2.7,12.2,251
2.7,11.3,235
4,14.5,301
2.7,13.1,274
2.7,12.8,271
4,14.7,306
4,15.3,322
4,14.8,310
4.6,15.9,329
5.7,17.6,356
4.6,16.9,347
5.7,18.1,373
2.7,11.4,230
3.5,12.6,253
2.7,11.6,235
3.5,12.9,260
1.5,7.9,168
1.5,7.8,163
1.8,9.5,196
1.8,9.9,200
2,10.3,209
2,10.8,216
2.5,10.9,225
2.5,11.2,221
2,8.4,200
2,8.8,208
1.8,9.8,200
2,10.3,214
2,10.8,216
2.5,11.2,232
2,11.1,223
2,11.6,225
3.6,14.3,283
2,10.9,221
2.5,11,218
2.5,11.2,216
2,8.1,198
2,8.3,196
1.8,9.5,189
1.8,9.4,189
2,10.6,216
2,10.4,207
2,8.1,198
2,8.3,196
2,10.2,207
2,10.6,212
1.4,5.6,124
1.8,9.9,198
1.8,10,198
2.5,11,223
2.5,11.4,225
3.6,12.4,248
2,7.8,180
3.6,14.2,278
2,11.7,246
2,13.6,267
2,11.7,246
3.6,14.4,296
3,11.8,277
2.5,11.3,223
2.5,11.6,232
3,13.2,264
3.2,11.9,235
3,13.2,264
3.2,13,258
3,13.4,271
3.2,13.2,264
3,13.4,271
3.2,12.9,260
3.2,14.9,294
2,9.7,191
2.4,10.8,214
1.5,6,140
3.5,12.7,255
3.5,12.1,244
3.5,11.9,230
3.5,8,177
2.4,9.6,191
3.5,11.2,212
3.5,11.2,221
1.8,9.7,193
5.9,18,359
6,16.8,327
4.7,17.4,338
4.7,18.1,356
4.7,17.4,338
4.7,18.1,356
6,19.5,379
4.7,17.4,338
4.7,18.1,356
6,17.6,340
1.8,10,200
2,7.6,177
2,9.8,198
2,10.1,205
2,9.9,205
2,11,221
2,10.6,209
2,11.2,228
2,11,221
2,10.6,209
2,11.3,225
2,12,237
3,12.8,251
3,9.8,217
3,13.1,253
3,9.8,217
3,12.6,242
4,12.9,246
3,9.8,224
3,12.6,242
4,13.2,258
6.3,17.8,344
3,9.8,224
2,12,237
2,11.9,237
2,12,239
3,13.2,262
3,10.2,244
2,9.8,205
3,15.2,306
3,12.4,290
4.2,17.3,327
4.2,20.5,382
5.2,18.2,347
5.2,19.9,377
4.2,17.3,327
4.2,20.5,382
5.2,18.2,347
5.2,19.9,377
4.2,14.9,294
4.2,14.8,297
4,16.6,313
2,10.1,207
3,13,253
3,13.8,269
3,13,253
3,13.8,269
3,13.3,262
4,14,269
4,14,269
4,14.6,281
3,14.1,281
2,10.4,209
2,10.4,212
2,11.7,235
2,11.7,235
4,16.1,307
6,18.9,354
4,17.7,337
6,19.6,368
4,17.6,327
4,17.7,334
6,20.3,388
2,10.4,205
2,10,193
2,10.7,207
2,10.6,209
2,10.3,200
2,10,193
2,10.7,207
2,10.3,200
2,7.6,181
2,7.6,181
2,10,193
2,10.7,207
2,10.6,209
2,10.6,209
2,10.6,209
3,11.4,221
3,11.5,225
3,11.9,230
3,12,237
3,11.9,230
2,10.4,205
2,10,193
2,10.7,207
2,10.4,205
2,10.9,207
2,11.2,221
2,10.6,209
2,10.6,209
3,11.8,228
3,11.4,221
3,11.5,225
3,11.4,221
3,12.1,237
3,11.9,230
3,12,237
3,11.9,230
2,10.4,205
2,10.6,209
3,9.2,213
3,12.1,237
3,12.8,253
4.4,14.4,283
4.4,15.2,294
3,12.1,237
3,12.1,237
4.4,15.2,294
4.4,14.4,283
4.4,15.2,294
3,10.2,238
3,12.1,237
4.4,15.2,294
4.4,15.2,294
6,18.7,356
3,9.7,200
3,10.6,216
3,10.6,214
4.4,15.2,294
4.4,15.2,294
4.4,15.2,294
3,11.8,235
3,12.3,248
3,11.8,235
3,11.9,239
3,11.9,230
3,14.2,278
3,13.7,267
3,14.1,278
3,14.1,271
3,14.1,278
3,13.7,267
4.4,17.3,338
4.4,16.1,315
4.4,17.3,338
4.4,16.1,315
4.4,17.3,338
4.4,16.1,315
4.4,17.3,338
4.4,16.1,315
2,10.6,209
3,13.2,258
2,8.6,213
2,11.1,228
3,12.7,251
2,11.7,235
3,12.7,251
4.4,16.6,336
3,9.9,235
3,13,255
4.4,16.1,317
4.4,16.6,336
3,13,255
4.4,16.1,317
2,10.7,209
2,10.7,207
3,13.7,278
3,12.7,253
3,13.7,278
3.6,14.2,283
3.6,14.6,290
1.4,9.5,196
1.4,10.2,212
3.6,13.7,262
3.6,18.7,253
3.6,13.9,269
3.6,18.6,254
2.4,9.6,189
2,11.4,225
2,11.6,225
2,12.4,246
2.4,9.6,189
2,11.4,225
2,11.6,225
2.4,11.1,216
2,11.1,223
2,12.2,237
2.5,11.1,214
3.6,12.8,248
2,11.5,235
3.6,12.8,253
2,11.5,228
3.6,12.8,246
2,12.3,244
3.6,12.8,253
3.6,15.1,292
6.2,16.2,322
6.2,15.9,317
6.2,16.8,334
6.2,16.4,329
3.6,14.2,283
3.6,14.8,294
3.6,13.6,260
3.6,13.7,267
3.6,14.8,290
3.6,13.3,260
3.6,14,265
6.2,15.3,294
6.2,15,292
3.6,12.6,242
6.2,18.1,357
6.2,19.9,386
6.2,16.6,338
2,9.7,216
2.5,11.9,242
2.5,12.2,248
3.6,13,260
2.5,12.7,260
3.6,13.5,271
6.2,14.6,269
6.2,13.7,258
6.2,17.7,329
6.2,15.7,308
1.4,9.1,179
1.4,9,179
1.8,10.5,202
1.8,9.4,186
2,8.7,192
1.4,9,177
1.4,8.4,163
2.4,10.5,209
2.4,10.5,209
2.4,15.6,214
3.6,14.2,278
2.4,11.5,230
2.4,11.5,230
2.4,16.3,227
3.6,14.8,290
4.8,21,414
4.8,21.3,416
2.5,10.6,212
3.6,12.5,244
3.6,17,232
2,11.4,225
2.5,9.3,184
4.3,13.4,274
4.3,19.3,274
5.3,14.6,292
5.3,19.9,275
6.2,16.1,322
4.3,14.1,288
4.3,20.3,288
5.3,14.9,299
5.3,20.2,280
6.2,16.3,327
1.4,9,184
1.4,8.5,173
1.8,9.6,191
1.8,9,184
1.4,9.4,191
1.4,8.9,184
1.4,9,184
1.4,8.5,173
1.8,9.6,191
1.8,9,184
1.4,9.4,191
1.4,8.9,184
1.2,7.7,161
1.2,7.5,156
5.3,14.9,292
5.3,20.2,275
5.3,15.4,306
5.3,14.9,292
5.3,20.2,275
5.3,15.1,299
5.3,20.5,282
3.6,14.2,283
3.6,14.6,290
1.4,9.2,189
1.4,9.1,186
1.4,9.7,200
2.4,10.2,196
2.4,10.2,196
2.4,13.6,181
3.6,12.4,235
3.6,12.4,235
3.6,16.5,218
3.6,12.8,246
3.6,12.8,246
3.6,16.9,226
3.6,12.4,237
3.6,12.4,237
3.6,16.8,222
5.7,14.8,283
3.6,12.8,251
3.6,12.8,251
3.6,17.3,237
3.6,14.1,276
3.6,19.7,269
3.6,12.4,237
5.7,15.6,301
6.4,16.8,320
5.7,14.8,283
6.4,15.7,297
6.4,16.8,320
6.4,15.7,297
6.2,18,338
6.2,18.1,347
3.6,13.7,264
3.6,13.7,264
3.6,18.7,254
3.6,12.4,237
3.6,12.4,237
3.6,16.8,222
5.7,15.7,297
5.7,14.8,283
3.6,12.8,251
3.6,12.8,251
3.6,17.3,237
5.7,16.1,308
6.4,15.7,297
6.2,18,338
2,9.4,186
2,9.9,198
2,13.3,184
2.4,10.1,198
2.4,10.5,202
2.4,10.6,212
2.4,10.2,202
1.4,8.4,168
1.4,8.5,168
3.6,13.9,278
3.6,17.7,250
5.7,17.3,338
3.6,13.7,271
3.6,19.2,262
2.4,12.7,255
3.6,14.2,278
3.6,18.9,259
3.6,14.5,285
8.4,19.4,363
1.4,8.7,182
1.4,7.9,166
1.4,8.7,182
1.4,7.6,156
1.4,9.6,198
1.4,8.5,179
1.4,9.6,198
1.4,8.5,179
1.4,9.6,198
1.4,8.5,179
1.4,10.6,216
1.4,9.9,200
1.4,9.3,191
2,5.6,138
2,11.5,225
2,11.3,225
3.5,13.2,260
2,11.8,237
3.5,13.7,271
2.7,13.6,274
1.6,10.4,207
2,10.9,221
2.5,10.9,218
1.6,10.6,216
2,11.4,232
3.5,16.2,327
3.5,16.4,331
2,11.9,239
3.5,13.7,274
3.5,18.6,258
3.5,14.9,299
3.5,14.2,288
3.5,19.2,270
2.7,12.2,248
3.5,13.7,276
3.5,13.2,264
3.5,17.9,251
5,15.5,306
5,20.7,286
2.7,13.3,276
3.5,14.2,288
3.5,13.9,285
3.5,18.9,269
5,16,320
1.6,8.7,175
1.6,8.5,175
1,7.5,152
1.6,8.4,170
1.6,8.9,184
3.5,13.3,267
3.5,13.7,278
3.5,14.6,294
1,8.1,163
2,10.2,205
2,8.9,177
2,11.9,166
2,9.1,179
2,12.2,170
2,9.3,186
2,12.4,174
1.5,9.9,193
1.5,9.4,184
2,10.5,205
2.5,10.6,205
2,10.8,214
2,5.4,126
2.3,11,216
2.3,10.6,212
3.7,12.6,246
3.7,13.5,258
5,14.9,285
5,15.2,288
2.3,11.6,228
5,15.4,299
3.5,16.6,338
3.7,16.6,340
2,10.5,209
3.5,13.9,274
3.5,12.2,239
3.5,17.4,235
3.5,13,260
3.5,18.8,256
1.6,10.6,216
2.5,11.3,228
2.5,11.7,235
2.5,12,239
3.6,14.2,283
3.6,14.6,290
2.5,11.9,242
2.5,12.2,248
3.6,13,260
2.5,12.7,260
3.6,13.5,271
4.8,21,414
4.8,21.3,416
4.3,13.4,274
4.3,19.3,274
5.3,14.6,292
5.3,19.9,275
6.2,16.1,322
4.3,14.1,288
4.3,20.3,288
5.3,14.9,299
5.3,20.2,280
6.2,16.3,327
2.4,10.5,209
2.4,10.5,209
2.4,15.6,214
3.6,14.2,278
2.4,11.5,230
3.6,14.8,290
5.3,14.9,292
5.3,20.2,275
5.3,15.1,299
5.3,20.5,282
6.2,16.2,322
6.2,15.9,317
5.3,14.9,292
5.3,20.2,275
5.3,15.4,306
6.2,16.8,334
6.2,16.4,329
2.4,8.8,179
2.4,9,184
2.4,10.1,200
3.5,11,209
3.5,11.4,219
3.5,13,251
2,4.7,115
1.8,7.9,163
1.8,8.1,166
1.8,8.6,177
2.4,10.8,216
1.5,5.3,120
2.4,8.6,179
2.4,9.1,191
1.5,6.6,145
1.5,7.6,159
1.5,7,147
1.5,7.3,156
1.5,8.1,168
3.5,12.3,244
3.5,13.3,264
3.5,13.8,276
1.6,8.9,177
1.6,8.7,175
1.8,8.5,172
1.8,8.8,177
2,9.7,191
2,9.8,196
2,9.6,191
2,9.7,191
2,9.7,198
2,9.8,196
5,15.8,306
3.8,14.4,278
5,17.3,327
3.8,14.6,283
3.8,14.4,285
3.3,12.9,260
3.3,13,264
2.4,11.7,237
2,12.9,264
2.4,12.5,255
3.3,13.9,287
2,10.4,209
2.4,9.8,193
2.4,9.8,193
2.4,6.6,145
2.4,6.6,145
2,10.2,214
2,11.4,232
2.4,11.3,230
2,11.4,239
2.4,11.6,244
1.6,8.6,177
1.6,9,184
1.6,9.9,202
1.6,9.7,196
3.7,12,237
3.7,12.5,248
3.5,8.2,172
3.5,8.7,189
3.7,12.4,246
3.7,13.6,267
3.7,13.3,264
3.7,13.6,269
3.7,14.3,283
3.7,12.8,253
5.6,14.8,285
3.7,13.2,267
5.6,15,297
3.5,8,172
3.7,13.7,274
3.5,11.4,232
3.5,12.2,246
2.5,8.9,200
3.7,14.6,294
5.6,16.9,338
3,11.8,237
3,11.8,237
3,12.2,244
3,12.2,244
5,15,294
5,15,294
2,12.3,242
3,13.9,267
5,15.7,304
5,21.3,290
5,15.7,304
3,14.6,285
5,15.8,306
5,20.6,280
3,14.7,288
5,15.8,306
5,20.6,280
5,15.8,306
5,15.8,306
5,15.9,313
5,15.6,308
5,15.9,313
5,15.6,308
2.4,10.9,218
2.4,10.9,218
2.4,15.2,206
3.2,11.4,228
2.4,11.3,230
2.4,11.3,230
2.4,15.9,219
3.2,11.6,235
2.4,11.4,232
3.2,12.6,251
2.4,12.1,251
3.2,12.2,248
2,10.7,228
2,10.2,212
2.4,11.2,230
2.4,10.2,214
2.4,11.4,235
2.4,10.6,223
2.4,11.7,255
3,11.2,267
3.6,13.9,278
3.6,17.7,250
5.7,17.3,338
6.4,18.5,363
2,10.7,228
2,10.2,212
2.4,11.2,230
2.4,10.2,214
2.4,11.4,235
2.4,10.6,223
2.4,11.7,255
1.4,9.9,202
2.4,10.8,216
2.4,14.2,195
1.4,9.9,202
2.4,11.2,225
3.6,14.1,294
3.6,14.2,294
3.6,14.8,308
3.6,15,308
3.3,12.7,246
1.8,8.8,175
1.8,9.3,182
2,9.7,191
2,9.8,196
1.6,11.1,223
1.6,11.1,225
2,9.5,196
2,9.7,193
1.6,10.6,216
1.6,10.8,221
2,9.7,198
2,10,202
3.8,13.3,260
5,15.7,306
2,11.7,228
2.4,10.2,200
2.4,6.6,145
2.4,6.7,147
1.6,8.8,177
1.6,8.7,177
1.6,8.5,175
2,10.6,214
2,10.8,214
3.3,13.2,267
3.3,12.9,262
3.3,14.2,288
2.4,11.8,239
3.3,12.7,255
2.4,12.2,251
3.3,13.4,271
1.6,9.8,205
1.6,9.9,207
2,10.1,207
2,9.7,202
2.4,11.4,230
2.4,12.9,260
2,12.6,260
2.4,12,246
5.2,16.8,334
2,13.5,274
3,16.2,329
3,13.9,283
5,17.2,347
5,17.2,347
2,11.3,223
2,11.3,223
3,14,285
5,16.6,338
1.8,5.5,131
2.5,5.8,136
3.5,11.3,221
3.5,12.3,244
3.5,12.6,253
3.5,8,172
4.6,15.7,320
2.5,11.1,221
2.5,11.8,239
2.5,11.2,221
3.5,12.3,244
3.5,12.6,253
3.5,12.2,244
4.6,14.4,283
4.6,15.2,297
4.6,15.2,297
5,12.7,264
5.7,19,382
2,10.6,221
2,10.8,228
2.5,7.1,170
3.5,12.3,244
3.5,12.6,253
5,15.2,290
3.5,13.3,269
3.5,12.7,255
3.5,8,189
2,12.4,251
2.3,12.9,258
3.5,13.9,274
3.7,13.1,258
3.5,14.6,294
2,11.5,232
3.7,14.1,281
3.7,13.7,278
2,10.5,205
3.7,13.1,260
2,5.7,133
3.5,16.2,327
3.5,16.1,331
3,15.2,292
3,15.6,294
4.7,18.2,347
4.7,18.2,350
3.8,17.5,334
3,15.7,299
2,8.9,189
2,9,184
2.5,9.6,198
2,9.3,196
2.5,9.9,207
3.7,14.2,283
3.7,14.3,292
2,7.9,159
2,8,161
2.5,8.4,170
2.5,8.2,166
2.5,9.3,184
2,8,161
2,8.2,163
2.5,8.7,177
2.5,8.2,166
2.5,9.2,186
2.5,10.7,221
2.5,11.1,225
2.5,8.8,175
2.5,9.4,186
2.5,8.4,168
2,11.5,232
2,10.5,221
2,11.1,228
2,9.2,184
2,10,205
1.8,10.9,216
2,10.1,207
3.5,12.1,244
3.5,12.1,242
3,11.1,228
6.2,17.9,354
2,9.4,186
2,9.9,202
2,10.2,209
3,12.1,242
4.7,14.5,288
5.5,15.1,301
2.1,8.6,200
3.5,11.9,235
3,12,239
3.5,12.4,248
3.5,11.5,230
3.5,11.8,235
4.7,12.9,262
4.7,13.7,269
4.7,13.3,262
5.5,15.3,306
5.5,15.2,306
5.5,19.9,419
5.5,20,426
3,13.6,324
3,15.2,322
4.7,17.5,359
5.5,18.2,375
2,9.8,200
2,10.5,216
2.1,9.6,230
3.5,12.6,258
3,11.8,278
3,13.3,276
4.7,16.3,327
5.5,17.3,359
4.7,12.6,248
4.7,14.4,283
4.7,14.8,288
4.7,14.7,281
6,18.1,343
5.5,15.7,304
5.5,15.7,304
6,18.5,357
6,18,345
4.7,13.8,274
5.5,14.7,285
6,16.7,327
1.8,10.4,207
1.8,10.4,207
3.5,11.1,225
5.5,12.4,244
6.2,18.1,359
6.2,18.1,359
1.5,8.5,172
1.5,8.1,163
1.5,8.5,172
1.5,8.2,166
1.6,8.6,177
1.6,8.4,172
1.6,9.4,200
1.6,8.4,172
1.6,8.5,175
1.6,8,168
1.6,9.4,200
1.6,8.4,172
1.6,8.6,177
1.6,8.4,172
2,9.2,189
2,10,198
2,9.2,189
2,10,198
1.6,9.2,186
1.6,9.1,186
1.6,10.1,207
1.6,9.5,200
1.6,9.2,186
1.6,9.1,186
1.6,10.1,207
1.6,9.5,200
1.6,9.2,186
1.6,9.1,186
2,9.3,193
2,10.4,212
1.6,9.2,186
1.6,9.1,186
1.6,10.1,207
1.6,9.5,200
1.6,9.2,186
1.6,9.1,186
1.6,10.1,207
1.6,9.5,200
1.6,9.2,186
1.6,9.1,186
2,9.2,189
2,9.6,193
2.4,10.5,219
2,14.2,288
2,14,283
2,13.4,267
2,9.6,198
2,9.8,198
1.2,6.4,136
1.2,7,147
2.4,9.5,198
2.4,9.9,209
3,11.5,232
2,9.3,193
2,9.9,202
2,9.6,202
2.4,10.4,221
3.7,12.6,255
3.7,13.3,264
3.7,13,264
3.7,13.6,271
2.5,8.7,175
3.5,10.3,207
5.6,19.2,382
2.5,13.7,283
2.5,12.2,260
4,14.8,292
4,15.7,315
4,15,306
3.8,14.3,290
1.6,8.5,182
1.6,8.4,177
1.6,8.8,189
1.6,8.9,191
1.6,9.4,202
1.6,8.8,179
1.6,8.6,177
3.5,11,225
3.5,11.2,228
2,9.7,216
3.5,11.9,239
3.5,12.1,246
3.5,12.7,253
2.5,9.1,202
3.5,12,242
2.5,9.2,191
2.5,9.5,196
5.6,18.4,370
5.6,19.7,396
1.8,8,166
1.8,8.9,182
1.6,7.5,156
1.6,8.6,177
4,16,327
4,16,331
3.4,11.6,232
3.4,12.3,244
3.4,11.5,232
3.4,12.3,246
3.4,11.6,235
3.4,12.3,246
3.4,11.9,242
3.4,12.5,251
3.8,12.6,255
3.8,13,260
3.8,13.1,262
3.8,13.4,267
3.8,12.2,246
3.8,12.6,253
3.8,12.5,253
3.8,12.9,258
3.8,12.6,253
3.8,12.9,258
3.8,12.6,255
3.8,13.4,267
3.8,11.9,242
3.8,12.4,246
3.8,12.2,244
3.8,12.5,251
3.8,16,322
3.4,12.3,248
3.4,12.9,255
3.8,12.8,258
3.8,13.1,262
3.8,13.7,274
3.8,13.7,274
3.8,13.7,274
3.8,13.7,274
2.7,10.7,212
2.7,11.5,228
3.4,10.9,218
3.4,12.1,246
3.4,11.3,225
3.4,11.9,239
3,11.8,277
3.6,14.3,286
4.8,16.7,327
2.7,10.7,212
2.7,11.5,228
3.4,10.9,218
3.4,12.1,246
3.4,11.3,225
3.4,11.9,239
3,13.7,281
3.6,14.2,283
3.6,12.9,251
3.6,13.1,255
3,13.4,262
3,13.7,264
4.8,15.1,292
3,13.4,262
4.8,15.3,294
4.8,15.4,297
4.8,15.3,294
4.8,15.4,297
3.6,13.9,274
3.6,13.9,274
3.6,19.4,269
3.6,12.9,260
5.7,17.1,340
5.7,15.7,313
3,11.5,273
3,11.3,265
3.6,14.6,290
3.6,14.6,290
3.6,20.5,285
5.7,17.7,354
5.7,16.2,324
3,12.1,286
3.6,13.3,262
3.6,18.6,254
2.4,11.2,225
6.6,19.2,370
6.6,19.2,370
6.7,20.9,396
6.7,20.7,396
6.7,20.9,396
6.7,20.7,396
6.6,18.7,359
2,9.6,193
2,10.9,221
1.3,6.5,147
2.5,10.2,207
2.5,10.2,207
2.4,10.9,225
2.4,10.8,225
1,6.8,150
1,6.8,150
2,9.6,193
2,10.9,221
2,10.2,216
2.5,9.6,200
2.5,10.6,221
2,8.5,175
2,9.5,193
2,8.5,175
2,9.5,193
2.5,9,182
2.5,10.7,216
3.6,11.9,235
2.5,9.3,191
2.5,11,223
3.6,12,242
2,12.4,255
2,11.1,225
2.5,13.8,281
2,9.1,186
2,10.2,209
2,7.9,173
4,14.2,294
4,14.2,294
3.5,11.3,221
2.5,9.7,193
3.5,11,218
2.5,5.5,131
2.5,5.7,136
1.8,8.6,175
1.8,7.9,163
1.8,8.2,168
1.8,8.3,170
1.8,7.7,156
1.8,7.7,159
2.7,11.7,246
3.5,12.5,255
3.5,13,267
3.5,8.6,196
3.5,8.4,193
1.8,4.6,108
1.5,4.5,110
1.8,5.4,129
2.5,10,205
2.5,10.5,218
2.5,10,205
2.5,10.7,221
5.7,18.8,382
3.5,13,262
3.5,14.4,288
2.7,12.2,258
2.7,11.3,242
4,14.5,301
2.7,13.1,283
2.7,12.9,283
4,14.8,308
4,15.3,322
4.6,15.9,329
5.7,17.2,350
4.6,16.9,347
5.7,18.5,382
2.7,11.6,239
3.5,12.5,251
2.7,11.6,242
3.5,12.8,260
1.5,7.8,168
1.5,7.7,163
1.8,9.6,196
1.8,9.9,200
2,10,209
2,10.4,212
2,7.6,183
2,7.6,184
1.8,9.8,200
2,10.3,216
2,10.4,212
2,10.7,214
2,11.4,221
3.6,13.9,271
2,10.8,219
1.8,9.3,186
1.8,9.3,184
2,7.6,177
2,7.8,178
2,9.5,196
2,9.4,191
1.8,9.4,193
1.8,9.5,189
2,7.6,180
2,7.6,179
1.8,9.3,182
1.8,9.3,184
2,10.4,205
2,9.5,193
2,7.6,175
2,7.6,176
2,10,202
2,10.3,205
1.4,5.6,122
1.8,9.7,191
1.8,9.8,193
2,7.8,185
2,7.8,182
3.6,11.9,239
2,11.5,242
2,13,258
2,11.7,246
3.6,14.1,292
3,11.8,277
3,12.8,253
2,9.8,193
2.5,11.6,232
2,10.1,205
3,12.9,258
2,9.8,193
3,12.9,258
2,9.8,202
2.5,11.8,237
3,12.8,253
2,9.8,193
2.5,11.6,232
3,12.9,258
3.2,13.1,264
2,9.8,202
2.5,13,262
2,10.7,216
3,13.6,274
3.2,13.1,260
2,9.8,202
3,13.6,274
2.4,9.3,189
3.5,12.7,254
3.5,12.2,251
3.5,12.4,249
3.5,11.9,235
3.5,8,180
2.4,9.6,196
3.5,11.2,226
1.8,9.7,197
5.9,18,365
6,16.8,332
6,17.6,346
4.7,17.4,343
4.7,18.1,362
4.7,17.4,343
4.7,18.1,362
4.7,17.4,343
4.7,18.1,362
6,19.5,390
1.8,10,204
2,9.8,201
2,10.1,208
2,9.9,212
2,11,224
2,10.6,214
2,11.2,232
2,11,224
2,10.6,214
2,11.3,230
2,10.8,211
3,11.6,232
3,9.4,213
3,11.6,232
3,9.4,213
3,12.6,247
4,12.9,249
3,9.8,224
4,13.1,255
6.3,17.8,344
2,12,242
2,11.9,240
2,12,244
3,13.2,267
3,10.2,244
2,9.8,209
4,16.6,313
2,10.1,211
3,13,257
3,13.8,273
3,13,257
3,13.8,273
3,13.3,266
4,13.3,263
4,13.4,265
4,15.7,300
3,14.1,285
2,10.1,209
2,10.1,209
2,10.3,222
4,16.1,307
6,18.9,360
4,17.7,337
6,19.6,375
4,17.7,334
6,20.3,388
6.8,21,408
2,9.9,197
2,10.7,211
2,10.4,207
2,10.5,209
2,9.9,197
2,10.7,211
2,10.4,207
2,7.7,183
2,7.7,183
2,10.5,209
2,10.5,209
2,10.5,209
3,12,238
3,10.9,217
3,11.6,231
3,10.9,216
3,11.9,241
2,10.8,211
2,9.9,197
2,10.7,211
2,10.8,211
2,10.9,210
2,11.3,221
2,10.5,209
2,10.5,209
3,11.8,232
3,11.6,232
3,12.1,246
3,11.9,238
3,12,238
3,12.3,247
3,12,238
2,10.5,209
3,9.2,212
3,11.9,238
3,13,263
4.4,14.4,288
4.4,14.3,283
3,11.9,238
3,11.9,238
4.4,14.3,283
4.4,14.4,288
4.4,14.3,283
4.4,14.3,283
4.4,14.3,283
3,10.6,219
4.4,14.3,283
3,11.8,244
3,12.7,260
3,11.6,232
3,11.9,245
3,11.6,232
3,12.1,246
3,12,238
3,12,238
3,14.1,284
3,13.7,271
3,14.2,282
3,14.1,278
3,14.1,284
3,13.7,271
4.4,17.3,344
4.4,16.1,321
4.4,17.3,344
4.4,16.1,321
4.4,17.3,344
4.4,16.1,321
4.4,17.3,344
4.4,16.1,321
2,10.7,215
2,8.6,211
2,11.1,231
3,12.7,257
3,12.8,264
2,11.7,238
3,12.7,257
4.4,16.6,343
3,10,233
3,13,269
4.4,15.7,322
4.4,16.6,343
3,13,269
4.4,15.7,322
2,10.7,212
2,10.7,211
3,13.7,282
3,13.7,282
3.6,15.8,315
3.6,16.1,323
1.4,9.5,199
1.4,10.2,215
1.4,8.5,182
1.4,8.9,192
2,11.8,248
3.6,13.7,268
3.6,18.7,260
2.4,9.6,193
3.6,13.8,274
3.6,18.5,263
2,11.4,231
2,11.6,230
2.4,9.6,193
2,12.4,252
2,11.4,231
2,11.6,230
2.4,11.3,224
2,10.5,215
2,12,240
2.5,10.6,214
3.6,11.6,233
2,10.8,221
3.6,12.2,247
3.6,14.7,293
3.6,14.2,289
2,11,222
3,13,263
3.6,12.8,257
2,11,221
3.6,11.6,233
2,11.2,229
3.6,12.2,247
3.6,14.7,293
6.2,16.6,332
6.2,16,325
3.6,14.2,287
3.6,14.8,300
3.6,13.6,263
3.6,13.9,273
3.6,15,302
2,10.9,218
2,11.4,229
3.6,12.3,248
3.6,13.2,261
6.2,14.2,272
6.2,14.3,284
2,9.7,220
2.5,11.9,247
2.5,12.2,253
2.8,10.8,252
3.6,13,265
2.5,12.7,265
2.8,12,277
3.6,13.6,279
6.2,14.6,275
6.2,13.7,263
6.2,17.7,335
6.2,15.7,313
1.4,7.8,159
1.4,8.2,167
1.4,7.8,160
1.4,9.1,184
1.4,9,182
1.8,10.5,207
1.8,9.4,190
1.4,9,181
1.4,8.4,167
2.4,10.5,214
3.6,14.2,285
2.4,10.5,214
2.4,15.6,221
2.4,11.5,235
3.6,14.9,300
2.4,11.5,235
2.4,16.3,236
2.5,10.6,215
3.6,12.5,248
3.6,17,239
3.6,13.9,272
3.6,15.2,213
1.5,8.7,179
2,10.6,211
2.5,10,202
1.8,5,122
5.3,14.6,298
6.2,16.1,328
4.3,13.5,280
4.3,19.3,284
5.3,14.6,298
5.3,19.9,286
5.3,15,307
6.2,16.3,332
4.3,14.2,296
4.3,20.3,301
5.3,15,306
5.3,20.5,295
5.3,14.4,304
1.4,9,188
1.4,8.5,175
1.8,9.6,195
1.8,9,187
1.4,9.5,195
1.4,8.9,189
1.4,9,188
1.4,8.5,175
1.8,9.6,195
1.8,9,187
1.4,9.5,195
1.4,8.9,189
1.4,7.6,157
1.4,7.8,162
5.3,15.1,304
5.3,15.1,304
5.3,20.5,288
5.3,15.4,312
5.3,15.4,312
5.3,15.1,304
5.3,15.1,304
5.3,20.5,288
5.3,15.2,310
5.3,15.2,310
5.3,20.9,300
3.6,15.8,315
3.6,16.1,323
1.4,9.2,193
1.4,9.1,190
1.4,9.7,205
2.4,10.2,198
2.4,13.6,186
3.6,12.4,239
3.6,16.5,225
3.6,12.8,250
3.6,16.9,232
3.6,12.4,240
3.6,12.4,240
3.6,16.8,229
5.7,14.8,289
3.6,12.8,257
3.6,12.8,257
3.6,17.3,243
3.6,14.1,282
3.6,19.7,279
3.6,12.4,242
5.7,15.6,307
6.4,16.8,326
5.7,14.8,289
6.4,15.7,302
6.4,16.8,326
6.4,15.7,302
6.2,17.6,339
6.2,18.1,353
3.6,13.7,271
3.6,12.4,240
3.6,13.7,271
3.6,18.7,264
3.6,12.4,240
3.6,16.8,229
5.7,15.7,302
5.7,14.8,289
6.4,15.7,302
3.6,12.8,257
3.6,12.8,257
3.6,17.3,243
5.7,16.1,313
6.4,15.7,302
6.2,17.6,339
2,9.4,189
2.4,10.1,202
2.4,10.5,205
2,9.9,201
2,13.3,187
2.4,10.6,215
2.4,10.2,207
1.4,8.4,171
1.4,8.5,171
3.6,12.8,265
5.7,16.7,329
3.6,13.7,276
3.6,19.2,269
2.4,12.7,260
3.6,14.2,283
3.6,18.9,270
3.6,14.5,292
8.4,19.2,364
1.4,8.7,183
1.4,7.9,168
1.4,8.7,183
1.4,7.6,160
1.4,9.6,200
1.4,8.5,183
1.4,9.6,200
1.4,8.5,183
1.4,9.6,200
1.4,8.5,183
1.4,10.6,218
1.4,9.9,203
1.4,9.3,194
1.4,9.5,194
2.4,10.6,217
2.4,11,224
2,5.6,140
2,11.5,231
2,11.3,228
3.5,13.4,268
2,11.8,240
2.7,13.6,278
3.5,13.7,278
1.6,10.1,208
2,10.9,224
2.5,10.9,220
1.6,10.5,220
2,11.4,236
3.5,16.2,334
3.5,16.4,338
2.3,12.6,253
3.5,13.9,280
3.5,18.7,264
2.3,13.1,265
3.5,14.9,305
3.5,14.4,295
3.5,19.7,282
2.7,12.3,256
3.5,13.5,278
2.7,13.1,263
3.5,14.7,303
3.5,13.2,272
3.5,17.9,261
5,15.3,309
5,20.6,292
5,16.8,341
5,20.6,293
2.7,13.1,275
3.5,14.7,303
2.7,13.3,288
3.5,15.6,324
3.5,14,292
3.5,19.1,278
5,16,324
5,16.8,347
1.6,8.7,180
1.6,8.5,179
1,7.5,153
1.6,9,191
3.5,14.7,298
3.5,14.7,303
3.5,15.7,322
1,8.5,171
1,7.8,160
2,8.9,178
2,11.9,170
2,9,183
2,12.1,175
2,9.2,188
2,12.3,179
2.3,12.1,255
2,10.5,217
1.5,9.9,197
1.5,9.4,188
2,10.5,210
2.5,10.5,209
2,10.8,220
2,5.4,130
2.3,11,219
2.3,10.6,217
3.7,12.6,253
3.7,13.6,264
5,14.9,292
5,15.5,298
2.3,11.6,234
5,15.4,304
5.2,16.9,334
3.5,16.1,342
3.7,16.8,356
2,11.8,237
3.5,13.1,260
3.5,17.6,248
3.5,14.7,293
3.5,13.6,291
3.5,18.7,271
1.6,10.8,223
2.5,11.9,243
2.5,11.9,243
2.5,16.1,233
2.5,12.4,252
2.5,12.4,252
2.5,16.8,240
2.5,12.4,252
2.5,12.4,252
2.5,16.8,240
3.6,15.8,315
3.6,16.1,323
2.5,11.9,247
2.5,12.2,253
2.8,10.8,252
3.6,13,265
2.5,12.7,265
2.8,12,277
3.6,13.6,279
5.3,14.6,298
6.2,16.1,327
4.3,13.5,280
4.3,19.3,284
5.3,14.6,298
5.3,19.9,286
5.3,15,307
6.2,16.3,332
4.3,14.2,296
4.3,20.3,301
5.3,15,306
5.3,20.5,295
5.3,14.4,304
2.4,10.5,214
3.6,14.2,285
2.4,10.5,214
2.4,15.6,221
2.4,11.5,235
3.6,14.9,300
5.3,15.1,304
5.3,15.1,304
5.3,20.5,288
5.3,15.2,310
6.2,15.9,323
5.3,15.2,310
5.3,20.9,300
5.3,15.1,304
5.3,15.1,304
5.3,20.5,288
5.3,15.4,312
6.2,16.4,334
5.3,15.4,312
2.4,10.3,207
3.5,11.4,223
3.5,12.9,253
2.4,8.6,177
3.5,11.3,219
2.4,9.1,187
1.5,7.5,155
2,7.8,162
2,8.9,179
1.5,7.6,157
2,7.8,162
2,8.8,176
2.4,8.8,186
2.4,9.5,202
1.5,7,157
1.5,7.9,169
1.5,7,150
1.5,7.3,158
1.5,8.1,171
1.8,8.3,177
1.8,8.3,177
1.8,9.3,193
1.8,8.8,190
1.8,8.8,190
3.5,12.3,250
3.5,12.4,253
3.5,13,265
3.5,12.4,257
1.6,8.9,179
1.6,8.7,176
1.8,8.5,176
1.8,8.8,180
2,9.7,194
2,9.8,198
2,9.8,203
2,9.8,202
5,15.8,312
3.8,14.4,285
5,17.3,332
3.8,14.4,284
3.8,14.1,283
3.3,12.9,265
3.3,13,269
2.4,11.7,239
2,12.9,266
2.4,12.5,257
3.3,13.9,295
2,10.4,214
2.4,9.4,191
2.4,10,204
2,5.9,133
2,6,136
2,10.1,211
1.6,9.9,219
2,11,240
1.6,8.3,177
1.6,8.8,186
1.6,8.9,191
1.6,9.4,197
2,10.2,214
3,12.1,242
2,10.6,226
3,12.3,249
3,12.9,262
3,11.8,247
3,12.3,256
3.5,8.4,181
3.5,8.7,193
3.7,13.2,274
5.6,14.9,300
3.5,8,177
3.7,13.7,279
3.5,11.8,242
3.5,12.2,252
2.5,8.9,204
3.7,14.5,301
5.6,17.4,354
3,12.1,246
3,14.9,296
3,12.1,246
3,14.9,296
5,15,302
5,15.7,311
5,15.7,311
3,12.5,254
3,15.3,302
3,13,264
3,12.5,254
3,15.3,302
3,13,264
3,11.9,241
3,14,275
3,14.1,279
5,15.8,313
5,15.8,313
2.4,10.9,223
2.4,10.9,223
2.4,15.2,213
3.2,11.4,233
2.4,11.3,233
2.4,11.3,233
2.4,15.9,226
3.2,11.6,240
2.4,11.4,238
3.2,12.5,256
2.4,12.1,255
3.2,12.2,253
2,10.8,234
2,10.3,214
2.4,11.2,235
2.4,10.2,218
2.4,11.7,248
2.4,10.6,228
2.4,11.7,259
3.6,12.8,265
5.7,16.7,329
3,11.2,267
6.4,18.5,370
2,10.8,234
2,10.3,214
2.4,11.2,235
2.4,10.2,218
2.4,11.7,248
2.4,10.6,228
2.4,11.7,259
1.4,9.9,207
2.4,10.8,220
2.4,14.2,201
1.4,9.9,203
2.4,11.2,229
3.6,14.1,299
3.6,14.2,299
3.6,14.8,314
3.6,15,312
3.3,12.7,251
1.8,8.9,179
1.8,9.3,186
2,9.7,196
2,9.8,198
1.6,11.1,228
1.6,11.1,227
2,9.5,199
2,9.7,197
1.6,10.6,218
1.6,10.8,222
2,9.7,200
2,10,206
3.8,13.9,278
5,15.6,318
1.6,8.4,175
2,10.9,222
2.4,9.4,193
2.4,6.6,147
2.4,6.7,150
1.6,8.7,178
1.6,8.8,179
1.6,8.5,175
2,10.1,214
2,10.4,220
3.3,13.2,275
3.3,12.9,269
3.3,14.2,296
2,11.7,245
2.4,11.1,233
2,12.3,259
2.4,11.4,245
3.3,13.4,275
1.6,9.8,206
1.6,9.9,208
2,9.8,208
2,9.7,208
2.4,11.4,231
2.4,12.9,261
2,12.6,261
2.4,12,251
5.2,16.4,331
5.2,16.9,340
2,11.9,248
3,16.2,336
3,14.2,291
3,10.6,254
5,17.2,356
5,17.2,356
3,14.2,291
3,10.6,254
5,16.6,344
2,11.3,229
1.8,5.5,132
2.5,5.8,139
3.5,11.4,225
2,10.6,212
2,11.3,227
3.5,11.9,237
3.5,12.4,254
3.5,12.5,251
3.5,8.1,177
5,14.9,293
4.6,15.7,322
2,10.6,212
3.5,12.6,258
3.5,12.3,246
3.5,12.6,258
4.6,14.4,286
4.6,15.2,303
4.6,15.2,303
5,12.7,268
5.7,18.3,371
2,10.6,225
2,10.8,231
2.5,7.1,172
2,10.6,214
3.5,12.6,258
3.5,12.3,246
3.5,12.6,258
5,15.2,289
3.5,12.2,251
3.5,7.7,186
2,12.4,256
2.3,12.8,261
3.5,14.7,293
3.7,14.2,287
3.5,15.7,322
2,13.1,268
3.7,14.7,298
2.7,14.1,283
3.7,14.4,293
2,10.5,210
3.7,12.8,257
2,10.8,220
3.7,13.8,279
2,5.7,136
3.5,16.2,334
3.5,16.1,339
3,14.1,286
3,14.5,293
3,15,295
4.7,18.2,357
4.7,18.2,360
3.8,16.2,322
3,15.2,300
3,15.1,302
2,8.2,179
2,8.8,189
2,9,192
2.5,8.9,190
2,9,188
2,9.3,199
2.5,9.8,210
2,7.9,162
2,8,165
2.5,8.4,173
2.5,8.2,169
2.5,9.3,189
2,8,165
2,8.2,167
2.5,8.7,182
2.5,8.2,170
2.5,9.2,190
2.5,10.8,226
2.5,11.1,229
2.5,8.8,178
2.5,8.5,171
2.5,9.4,188
2,8.9,183
2,8.8,183
4,13.4,268
4,13.4,268
2,10.2,214
5.5,15.1,308
5.5,15.3,310
5.5,15.2,310
5.5,20,417
5.5,18.2,369
2,10.3,216
5.5,17.3,366
5.5,17.2,363
4,14.5,303
5.5,15.7,313
5.5,15.3,313
6,18.5,361
6,18,355
5.5,14.7,298
6,16.7,335
5.5,12.4,252
2,9.2,188
2,10,206
2,10.1,212
3,11.1,231
2,9.4,188
2,9.8,198
2,13.1,198
3,12.2,252
4.7,13.7,277
2.1,8.6,200
3.5,11.9,240
3,12,244
3,11.8,239
3,12.4,253
3,11.5,233
4.7,12.9,270
4.7,13.7,275
4.7,13.4,268
5.5,19,401
3,13.6,322
3,15.2,298
4.7,17.5,365
2,9.8,203
3,10.1,246
3,10.4,253
3,13.3,282
3,13.6,281
4.7,16.2,335
6,18.2,359
2,10.8,233
2,11.5,248
3,12.6,253
4.7,14.7,294
4.7,14.8,287
4.7,14.4,289
6,17.3,340
4.7,14.6,289
2,9.6,199
3.5,11.1,229
1.5,8.7,181
1.5,8.4,172
1.5,8.7,181
1.5,8.2,170
1.5,9.4,195
1.5,9.5,194
1.5,8.7,181
1.5,8.2,170
2,9.2,193
2,10,203
2,9.2,193
2,10,203
2,9.7,198
2,10.6,215
2,9.7,198
2,10,203
1.6,10.1,212
1.6,9.4,201
1.6,10.1,212
1.6,9.4,201
2,9.4,199
2,10.4,214
1.6,10.1,212
1.6,9.4,201
1.6,10.1,212
1.6,9.4,201
2,8.6,181
2,9.6,198
2.4,9.8,204
2.4,10.5,217
2.4,10.2,210
2,9.2,191
2,9.9,203
1.2,6.4,139
1.2,7,147
2.4,9.2,193
2.4,9.7,207
3,11.9,238
2,9.6,202
2,10.3,214
2.4,10.5,223
3.7,12.6,260
3.7,13.3,269
3.7,13.1,270
3.7,13.6,278
2.5,8.7,176
3.5,10.3,212
2.5,8.9,181
2.5,13.6,285
2.5,12.2,266
4,14.8,300
4,15.7,322
4,15,313
3.8,14.3,294
1.6,8.5,186
1.6,8.5,183
1.6,8.8,194
1.6,8.9,194
1.6,9.4,208
3.5,10.9,223
1.6,8.8,184
1.6,8.6,182
3.5,11,230
3.5,11.2,232
2,9.7,220
3.5,11.9,245
3.5,12.1,251
3.5,12.7,258
2.5,9.1,194
2.5,9.5,201
1.8,8,167
1.8,8.9,184
1.6,7.5,161
1.6,8.6,179
3.4,11.6,238
3.4,12.3,249
3.4,11.5,236
3.4,12.3,251
3.8,12.7,259
3.8,12.9,262
3.8,12.7,260
3.8,13.4,272
3.8,11.9,245
3.8,12.4,252
3.8,12.2,250
3.8,12.5,255
3.4,11.7,240
3.4,12.3,251
3.4,11.9,246
3.4,12.5,257
3.8,12.7,260
3.8,13,265
3.8,13.1,268
3.8,13.4,272
3.8,12.2,251
3.8,12.7,258
3.8,12.5,257
3.8,12.9,262
3.8,16,329
4,16.3,334
3.4,12.3,253
3.4,12.9,261
3.8,12.8,260
3.8,13.1,267
3.8,13.7,278
3.8,13.7,278
3.8,13.7,278
3.8,13.7,278
2.7,10.7,217
2.7,11.5,232
3.4,10.9,222
3.4,12.1,250
3.4,11.3,230
3.4,11.9,245
3.8,13.1,272
3.6,13.5,277
3,11.2,270
3.6,14.8,300
3.6,14.3,286
4.8,16.7,334
4.8,16.9,336
2.7,10.7,217
2.7,11.5,232
3.8,13.3,277
3.4,10.9,222
3.4,12.1,250
3.4,11.3,230
3.4,11.9,245
3,13.7,285
3.6,14.2,287
3.6,12.9,255
4.8,15.1,298
3,13.4,267
3.6,13.1,262
3,13.4,267
3,13.7,271
4.8,15.3,300
4.8,15.4,303
4.8,15.3,300
4.8,15.4,303
3.6,13.9,279
3.6,19.4,279
3.6,12.9,264
5.7,17.1,348
5.7,15.8,319
3,11.6,272
3,11.3,264
3.6,14.6,294
3.6,20.5,296
5.7,17.7,362
5.7,16.2,330
3,12.1,283
2.4,11.2,231
6.6,19.2,373
6.6,19.2,373
6.7,20.9,403
6.7,20.7,404
6.7,20.9,403
6.7,20.7,404
6.6,18.8,367
2,9.6,197
2,10.9,224
1.8,8.3,173
1.8,8.6,180
2.5,10.2,211
2.5,10.2,210
0.9,7.5,157
0.9,7.5,157
2,9.6,197
2,10.9,224
2,10.2,222
2.5,9.6,204
2.5,10.6,227
2,8.5,177
2,9.5,197
2,8.5,177
2,9.5,197
2.5,9,185
2.5,10.7,220
3.6,11.9,239
2.5,9.3,196
2.5,11,228
3.6,12,246
2,12.5,254
2,11.3,233
2.5,13.8,285
2,9.1,191
2,10.2,214
2,7.9,175
4,14.2,298
4,14.2,298
3.5,11.4,225
2.5,9.4,192
3.5,11,222
2.5,5.5,134
2.5,5.7,137
1.8,8.6,179
1.8,8.2,171
1.8,7.9,166
1.8,8.4,174
1.8,7.7,160
1.8,7.7,162
3.5,12.5,260
3.5,13,272
3.5,8.6,198
3.5,8.4,195
1.8,4.4,104
1.5,4.5,111
1.8,5.4,131
2.5,10.1,212
2.5,10.5,220
2.5,6.9,169
2.5,10,208
2.5,10.6,220
5.7,18.8,382
3.5,13,267
3.5,14.4,290
2.7,12,261
3.5,12.6,267
2.7,12.7,274
2.7,12.4,279
3.5,13.1,280
3.5,13.6,292
3.5,13.8,300
4.6,15.9,335
5.7,17.3,360
4.6,16.9,351
5.7,18.2,380
2.7,11.6,244
3.5,12.5,256
2.7,11.6,241
3.5,12.8,263
1.5,7.2,151
1.5,7.6,157
1.5,7.8,170
1.5,7.7,165
1.8,9.6,196
1.8,9.5,196
1.8,9.6,196
1.8,9.7,203
2,10.7,217
1.8,9.3,189
1.8,9.3,187
2,9.5,198
2,9.4,193
2,10.4,216
2,10.9,220
1.8,9.4,193
1.8,9.5,192
1.4,8.5,173
1.4,8.3,168
1.8,9.2,186
1.8,9.4,189
2,9.8,201
2,10.1,207
1.4,5.7,124
1.8,9.4,187
1.8,9.5,189
3.6,11.9,243
2,11.7,251
2,13,259
2,11.6,248
3.6,14.1,292
3,11.2,270
2.5,11.8,239
2,9.6,193
2.5,11.6,233
2,9.6,193
2.5,11.6,233
2,10.6,218
2,11.3,231
3,13,259
3,13,259
2,9.6,193
2.5,11.8,239
2,9.6,193
2.5,11.6,233
2,11.3,231
3,13,259
3,13,259
2,10.3,213
2.5,12.5,254
2,11,226
2,11.8,247
3,13.7,276
2,10.3,213
2.5,12.5,254
2,10.6,232
2,10.8,239
2,11.5,247
2.4,9.4,192
3.5,12.6,259
3.5,12.2,251
3,9.1,210
3.5,11.1,261
3.5,12.4,250
3.5,8.2,190
2.4,9.6,197
3.5,11.2,226
1.8,9.7,197
1.8,9.7,197
2,10,205
2,10.5,217
2.9,13.8,280
5.2,15.5,322
6,16.7,331
6,17.5,345
6,19.4,388
2,9.1,188
2,9.7,205
2,10.8,223
2,8.6,177
2,9.8,205
2,9.9,204
2,10.2,217
2,11,226
2,10.4,210
2,11.3,231
2,10.9,220
3,11.5,238
3,11.5,238
3,12.6,246
4,12.9,249
4,13.1,255
2,11.9,243
2,11.9,241
2,12,246
3,13.2,267
2,11.9,253
3,12.6,260
5.2,16.5,330
5.2,16.5,330
4,16.2,309
2,11,232
3,13,259
3,13.8,273
3,13.3,266
4,13.3,263
4,13.4,265
4,16.2,312
3,14.1,285
2,10.1,209
2,10.1,209
2,10.3,222
6,18.8,370
4,16.1,307
6,18.9,360
4,17.7,337
6,19.6,375
4,17,321
6,19.6,375
6.8,21.3,407
2,10,207
2,9.8,197
2,11.1,219
2,10.5,213
2,10.2,210
2,10,200
2,10.2,202
2,10.3,206
2,7.9,189
2,7.9,189
2,10.5,213
2,10.5,213
2,10.5,213
3,11.1,224
3,12.2,242
3,11.4,228
3,12.2,246
3,11.9,238
2,10.6,211
2,10.5,213
2,10.5,213
3,11.1,224
3,12.2,242
3,11.9,238
3,11.4,228
3,12.2,246
3,11.4,228
2,10.5,213
3,11.4,228
3,12.4,249
3,12.4,249
4.4,14.7,292
4.4,13.8,273
4.4,14.7,292
3,11.9,238
4.4,13.8,273
4.4,14.7,292
4.4,14.7,292
4.4,14.7,292
3,11.8,245
3,13.1,267
3,11.1,224
3,12.2,242
3,11.1,224
3,12.5,250
3,11.4,228
3,11.4,228
3,14,284
3,13.7,273
3,14.1,283
3,13.7,273
3,14,284
3,13.7,273
4.4,17.2,343
4.4,16.2,324
4.4,17.2,343
4.4,16.2,324
4.4,17.2,343
4.4,16.2,324
6.6,17.7,355
2,10.5,213
2,8.7,211
2,11.1,233
3,12.7,260
3,12.7,260
2,11.8,240
4.4,16.6,341
3,10.3,249
3,13,270
4.4,15.6,320
4.4,16.6,341
3,13,270
4.4,15.6,320
3.6,15.7,315
3.6,16,322
1.4,9.3,194
1.4,8.6,185
1.4,9.8,208
1.4,8.9,196
2,11.8,248
2.5,11.1,232
3.6,11.2,224
3.6,11.6,235
2,11.5,233
2,12.1,250
2.4,11.3,226
2,10.6,217
2,11.8,236
2.5,10.7,216
3.6,11.6,234
2,10.8,222
3.6,12.2,248
3.6,13.9,279
3.6,14.4,295
2,11,223
3,13,263
3.6,12.8,259
2,11,223
3.6,11.6,234
2,11.2,229
3.6,12.2,248
3.6,15,299
6.2,16.5,329
6.2,16.1,331
3.6,12.1,245
3.6,12.9,260
3.6,13.2,260
3.6,13.7,272
3.6,15,299
2,10.9,222
2,11.9,236
3.6,12.3,249
3.6,14.4,274
6.2,14.2,273
6.2,14.3,284
6.2,19,367
6.2,17.2,349
2,9.8,220
2.5,12,252
2.5,12.2,254
2.8,10.8,255
3.6,13.4,274
2.5,12.7,263
2.8,12.1,280
3.6,14,286
2.8,12.5,315
3.6,15,331
6.2,15.2,290
6.2,14.2,278
6.2,17.6,336
6.2,15.6,312
1.4,7.9,165
1.4,8.3,170
1.4,8.1,169
1.6,7.6,172
1.6,7.7,169
1.4,8.1,172
1.4,8.3,173
1.4,8.4,176
2.4,11,221
2.4,11,221
2.4,15.6,223
3.6,14.1,285
2.4,11.5,237
2.4,11.5,237
2.4,16.3,234
3.6,15,304
2.5,10.9,224
3.6,12.5,249
3.6,17,240
1.5,8.8,182
2,10.7,212
1.8,4.8,121
5.3,14.6,297
5.3,15.2,309
6.2,15.9,324
4.3,13.4,279
4.3,19.3,284
5.3,14.6,298
5.3,19.7,284
5.3,15,307
5.3,15.9,327
6.2,16,330
4.3,14.1,294
4.3,20.2,294
5.3,15,307
5.3,20.7,315
5.3,14.4,303
1.4,8.8,184
1.4,8.4,174
1.8,9.7,197
1.8,9.2,194
1.4,8.8,184
1.4,8.4,174
1.8,9.7,197
1.8,9.2,194
1.4,7.8,167
1.4,8,168
5.3,15.1,305
5.3,15.1,305
5.3,20,284
5.3,15.4,312
5.3,15.4,312
5.3,15.1,305
5.3,15.1,305
5.3,20,284
5.3,15.2,310
5.3,15.2,310
5.3,20.8,299
3.6,15.7,315
3.6,16,322
1.4,9.3,194
1.4,9.2,194
1.4,9.8,208
2.4,10.2,201
2.4,13.9,192
3.6,12.4,241
3.6,16.8,230
3.6,12.8,252
3.6,17.1,237
3.6,12.4,242
5.7,14.7,289
3.6,12.8,258
3.6,12.8,258
3.6,17.6,248
3.6,12.9,257
3.6,12.4,249
3.6,12.4,242
5.7,15.6,307
6.4,16.7,325
5.7,14.7,289
6.4,15.6,302
3.6,12.8,258
6.4,16.7,325
6.4,15.6,302
6.2,17.6,339
6.2,18.1,352
3.6,13.7,271
3.6,12.4,242
5.7,15.6,302
5.7,14.7,289
6.4,15.6,302
3.6,12.8,258
3.6,12.8,258
3.6,17.6,248
5.7,16,312
6.4,15.6,302
6.2,17.6,339
3.6,12.7,265
5.7,16.6,328
3.6,13.7,276
3.6,19.4,274
2.4,12.7,261
3.6,14.2,284
3.6,19.1,274
3.6,14.5,292
8.4,19.9,387
1.4,9.3,187
1.4,9,185
1.4,8.7,186
1.4,8,171
1.4,8.7,186
1.4,7.7,163
1.4,9.7,202
1.4,8.5,186
1.4,9.7,202
1.4,8.5,186
1.4,10.7,221
1.4,9.5,197
2.4,10.7,219
2.4,11,226
2,5.7,138
2,11.5,233
2,11.3,230
3.5,13.5,270
2,11.9,244
2.7,13.8,281
3.5,13.9,284
1.5,10.2,214
2,10.6,222
2.5,11.1,229
2.5,15.2,219
1.5,10.7,226
2,11.5,239
3.5,15.9,333
3.5,16.1,337
2.3,12.6,254
3.5,13.9,281
3.5,18.7,264
2.3,13.1,266
3.5,14.8,305
3.5,14.4,296
3.5,19.6,284
2.7,12.2,256
2.7,12.4,263
2.7,13.1,272
3.5,12.7,264
3.5,13,274
3.5,13.8,290
3.5,13.2,272
3.5,17.9,258
5,15.4,310
5,20.5,291
5,16.8,340
5,20.5,291
2.7,13.1,276
2.7,13.5,293
2.7,13.3,288
3.5,13.6,284
3.5,13.6,288
3.5,14,298
3.5,14,293
3.5,19,281
5,15.9,323
5,16,330
5,16.8,347
3.5,15.6,339
1.6,8.6,178
1.6,8.6,182
1,7.6,158
1.6,9,192
3.5,14.7,298
3.5,14.7,303
3.5,15.7,321
1,8.5,176
1,7.9,164
2,9.1,185
2,12.2,177
2,9.2,189
2,12.4,182
2,9.5,195
2,12.9,188
2.3,12.2,256
2,10.5,219
1.5,10,204
2,11.2,225
2.5,11.3,224
2,11.8,238
2.7,13.5,270
2,5.5,131
3.5,20.6,406
2.3,11,226
2.3,11.8,239
2.3,11.2,230
2.3,11.2,230
3.7,12.8,259
3.7,13.8,271
5,15.6,303
5,15.8,307
5,16.7,324
2.3,11.8,239
2.3,11.2,237
5,15.5,309
5,16.7,324
5.2,17.2,341
3.5,16.2,344
3.7,16.7,354
2,11.8,238
3.5,13.1,260
3.5,17.6,249
3.5,14.7,293
3.5,13.6,291
3.5,18.7,271
2.5,11.9,244
2.5,16.1,234
2.5,12.4,253
2.5,16.8,242
3.8,14.3,286
5,17.2,332
3.3,13.7,279
5,15.2,306
2.5,11,239
3.6,13,265
2.5,11.2,243
3.6,13.3,271
2.5,12,252
2.5,12.2,254
2.8,10.8,255
3.6,13.4,274
2.5,12.7,263
2.8,12.1,280
3.6,14,286
5.3,14.6,297
5.3,15.2,309
6.2,15.9,323
4.3,13.4,279
4.3,19.3,284
5.3,14.6,298
5.3,19.7,284
5.3,15,307
5.3,15.9,327
6.2,16,330
4.3,14.1,294
4.3,20.3,294
5.3,15,307
5.3,20.7,317
5.3,14.4,303
2.4,11,221
2.4,11,221
2.4,15.6,223
3.6,14.1,285
2.4,11.5,237
3.6,15,304
5.3,15.1,305
5.3,15.1,305
5.3,20,284
5.3,15.2,310
5.3,15.2,310
5.3,20.8,299
6.2,16,330
5.3,15.1,305
5.3,15.1,305
5.3,20,284
5.3,15.4,312
5.3,15.4,312
6.2,16.3,333
2.4,9.2,190
2.4,10.4,210
3.5,11.4,225
3.5,12.9,254
2.4,8.7,180
3.5,11.4,223
2,4.9,114
1.5,7.5,158
1.5,7.7,159
2,7.8,163
2,8.5,173
1.5,7.4,153
2,7.8,163
2,8.5,172
1.5,7.7,162
1.5,7.9,170
1.5,7.9,170
1.5,8,167
1.5,8,167
1.5,8.4,181
1.5,8.7,188
1.5,7,154
1.5,7.6,164
1.5,8.1,174
1.8,8.3,180
1.8,8.3,180
1.8,9.4,195
1.8,8.9,194
1.8,8.9,194
3.5,12.3,251
3.5,12.4,254
3.5,13,266
3.5,12.4,256
3.5,12.8,264
1.6,8.9,182
1.6,8.8,184
2,8.3,174
2,9.1,187
2,9.8,206
2,9.8,204
1.6,4.3,103
1.6,4.2,96
3.3,12.9,265
3.3,13,269
2.4,11.1,235
2,12.5,264
2.4,12,253
3.3,13.9,295
2,10.5,216
2.4,9.4,194
2.4,10,207
2,6.3,143
2,6,137
1.6,9.9,221
2,10.1,213
2,11,241
1.6,8.3,180
1.6,8.9,188
1.6,8.9,193
1.6,9.4,200
2,10.7,226
3,12.6,256
3,12.3,257
3.5,9.1,200
2,11.2,233
3,12.4,253
3,12.5,259
3.7,13.2,274
5.6,14.9,300
3.5,8.4,184
2,9.7,200
2,10.6,221
3.7,13.7,280
3.5,11.9,246
3.5,12.5,257
2.5,9.5,214
3.7,14.5,301
5.6,17.4,355
3,13.3,277
3,11.9,242
3,14.9,296
3,11.9,242
3,14.9,296
5,15.6,311
5,15.6,311
3,12.4,253
3,15.3,302
3,13,265
3,12.4,253
3,15.3,302
3,13,265
2,7.8,186
3,11.8,238
2,7.8,186
3,12,243
3,14,276
3,14,280
5,15.8,313
5,15.8,313
2.4,11,225
3.2,11.4,234
2.4,11.3,235
3.2,11.6,241
2.4,11.4,240
3.2,12.8,259
2.4,12.1,256
3.2,12.9,269
2,10.8,235
2,10.3,216
2.4,11.3,238
2.4,10.2,219
2.4,11.7,249
2.4,11.7,259
2.4,10.6,230
3.6,12.7,265
5.7,16.6,328
6.4,18.3,368
2.4,10.6,218
2.4,10.4,211
2.4,10.8,222
2.4,10.8,221
2,10.8,235
2,10.3,216
2.4,11.3,238
2.4,10.2,219
2.4,11.7,249
2.4,11.7,259
2.4,10.6,230
1.4,9.9,209
2.4,10.8,222
2.4,14.4,206
1.4,9.9,211
2.4,11.2,230
3.6,14.1,299
3.6,14.2,298
3.6,14.7,313
3.6,15,312
3.3,11.5,237
2,7.9,170
2,9.4,198
2,9.4,195
1.6,9.4,207
2,9.7,197
2,9.8,204
1.6,9.6,204
1.6,10.1,216
2,9.6,203
2,9.9,209
3.8,13.8,279
5,15.6,317
1.6,4.6,114
1.6,4.5,110
1.6,5.1,129
2.4,9.6,198
2.4,9.3,190
2,10.9,224
2,6,132
1.6,8.8,181
1.6,8.8,181
2,9.9,210
3.3,13.2,275
3.3,12.9,269
3.3,14.1,296
2.4,11.2,234
2,12.3,259
2.4,11.5,246
3.3,14,289
3.3,13.2,270
1.6,9.4,205
1.6,9.7,208
2,9.5,206
1.6,9.1,199
2.4,10.4,220
2,11.9,263
2.4,11.3,247
5.2,16.4,331
5.2,16.9,340
2,12,252
2,11.3,231
2,12,243
1.8,5.5,132
2.5,5.8,139
3.5,11.4,226
3.5,12.4,257
3.5,8,176
5,14.9,293
4.6,16,341
2,10.6,214
3.5,12.6,258
3.5,12.6,258
4.6,15.1,303
4.6,15.1,303
5.7,18.2,372
2,10.7,226
2,10.8,232
2.5,7.2,176
3.5,12.6,258
3.5,12.6,258
5,15.2,289
3.5,12.2,252
3.5,7.5,185
2.7,14,281
3,14.4,288
3.7,14.3,287
2,12.3,256
2,12.1,254
2.3,13.1,268
3.5,15.7,321
3.7,14.7,298
2.7,14.1,284
3.7,14.4,293
2,11.2,230
3,13.4,264
2,11.8,239
3,14,278
2,5.7,139
3.5,15.9,333
3.5,16.1,339
3,14.1,286
3,14.7,293
3,14.7,295
4.7,18.2,355
4.7,18.2,358
3,16.8,340
3,16.8,346
3.8,16.1,321
3,14.9,300
3,15,301
2,8.2,179
2,8.8,192
2,9.4,199
2.5,9.8,204
2.5,10.2,221
2.5,10.6,225
2.5,11.5,242
2,8.4,176
2,8.5,175
2,8.5,175
2.5,8.8,182
2.5,8.5,176
2.5,9.3,194
2,8.4,174
2,8.6,178
2.5,9,183
2.5,8.7,181
2.5,9.6,198
2.5,10.8,226
2.5,11.1,230
2.5,9.1,187
2.5,8.9,186
2.5,9.8,196
2,9,187
2,8.9,190
4,13.4,273
4,14,291
4,13.8,285
4,13.4,273
4,14,291
4,13.8,285
2,10.7,221
5.5,15.1,308
5.5,20,413
2,11.3,233
3,17.4,353
3,13.6,281
3,13.6,281
5.5,17.3,363
5.5,17.2,363
5.5,18.2,369
4,14.5,303
4,14.5,303
5.5,15.7,313
5.5,16.4,322
5.5,15.3,305
6,17.6,349
6,17.1,348
6,18.7,365
5.5,14.7,298
6,17.6,340
3,11.6,234
2,9.7,179
2,10.1,212
2,10.8,222
2,10.4,218
2,9.6,190
4.7,13.6,275
2,10.8,246
3,11.8,245
3,12.4,259
3,11.5,233
3,11.8,239
4.7,13.7,275
4.7,13.4,268
4,19,401
2,10.3,212
2,13.6,128
2,11.1,233
3,13.1,276
4.7,15.3,318
3,14.4,306
4.7,16.7,347
6,18.2,359
2,11.1,240
2,11.5,248
3,12.6,253
4.7,14.3,280
4.7,14.3,280
4.7,13.9,276
4.7,14.1,278
6,17.5,350
3,11.5,237
4.7,13.6,275
2,9.5,200
1.5,8.8,184
1.5,8.5,175
1.5,8.8,184
1.5,8.5,175
1.5,9.5,197
1.5,9.6,197
1.5,10.2,213
1.5,10.6,214
1.5,8.8,184
1.5,8.5,175
1.5,9.5,197
1.5,9.6,197
1.5,10.3,215
1.5,10.6,214
2,9.3,196
2,10.2,210
2,9.3,196
2,10.2,210
2,10,205
2,10.8,220
2,10.2,210
2,11.4,227
2,9.4,196
2,10.2,210
2,10.5,213
2,11.3,227
2,9.3,196
2,10.2,210
2,10.2,210
2,11.4,227
2,9.4,196
2,10.8,220
2,8.7,183
2,9.7,200
2.4,9.9,206
2.4,10.5,218
2.4,10.2,212
2,9.3,194
2,9.9,205
1.2,6.4,141
1.2,7.1,150
1.2,6.9,149
1.2,7.2,155
2.4,9.2,197
2.4,9.8,211
3,11.9,242
2,9.7,204
2,10.3,216
2,10.1,213
3.7,12.6,261
3.7,13.3,269
3.7,13,270
3.7,13.6,278
2.5,8.8,176
3.5,10.6,214
2.5,8.8,183
5.6,17.5,362
2.5,13.5,286
2.5,12.2,268
4,14.8,304
4,15.8,326
4,15.1,317
3.8,14.5,300
1.6,8.5,189
1.6,8.6,188
1.6,9,199
1.6,9,197
1.6,9.5,209
3.5,11.1,225
1.6,8.9,186
1.6,8.7,185
3.5,11,230
3.5,11.2,232
2,9.8,220
3.5,11.6,240
3.5,12.1,250
3.5,12.4,258
2,8.8,191
2,10,216
2,9.1,197
2.5,9.2,192
2.5,9.6,203
1.6,8.9,193
1.6,9.1,195
1.8,8.1,171
1.8,9,187
1.6,9.4,205
1.6,9.5,204
5.6,15,312
5.6,15.2,315
5.6,16,333
1.6,7.6,164
1.6,8.6,180
3,10.6,221
3,11.8,237
3,10.8,227
3,12,241
3,10.8,226
3,12.1,242
3,10.8,228
3,12.1,243
3,10.7,225
3,12.1,242
3,11,230
3,12.2,246
3,11,232
3,12.1,243
3,10.9,231
3,12.2,246
3,10.9,228
3,12.2,246
3,11.1,233
3,12.2,246
3.8,12.6,266
3.8,12.6,267
3.8,12.6,266
3.8,12.6,267
2,10.5,219
2,11,229
2.5,11,230
2.5,12.1,249
3.6,12.9,268
3.6,13.6,281
3.6,13.9,281
3.6,14.5,296
4.8,16.7,334
4.8,16.7,334
2,10.5,219
2,11,229
2.5,11,230
2.5,12.1,249
2,11.6,248
3,13.7,285
3,13.8,287
3.6,14.2,287
3.6,13.9,280
3.6,19.7,283
5.7,17,346
5.7,15.7,319
3,11.8,278
3.6,14.5,294
3.6,20.7,300
5.7,17.5,361
5.7,16.1,328
3,12.3,289
2.4,11.2,232
6.6,20,390
6.6,20,390
6.6,20,390
6.7,20.7,400
6.7,20.7,400
6.7,20.7,400
6.7,20.6,401
6.6,19,375
0.9,7,152
2,9.7,200
2,11.1,228
2,9.1,193
2,10.3,216
2,10.2,223
2.5,9.2,196
2.5,10.9,228
2,8.3,174
2,10,208
2,8.4,176
2,10.1,211
2.5,9.3,194
2.5,10.7,222
3.6,11.9,241
2.5,9.4,198
2.5,11,229
3.6,12,247
2,12.5,255
2,11.3,235
2.5,13.8,285
4,14.3,310
4,14.3,310
2,9.9,204
2,11.3,232
3.5,11.4,226
2.5,9.8,199
3.5,11,224
2.5,5.6,137
2.5,5.8,141
1.8,8.3,174
1.8,8.3,178
1.8,8.4,176
1.8,7.8,163
1.8,8,168
1.8,8.3,176
1.8,8.8,185
3.5,11.8,243
3.5,12.1,251
3.5,12,247
3.5,11.7,242
3.5,8.1,193
1.8,4.4,105
1.5,4.9,120
1.8,5.5,135
2.5,10.3,217
2.5,10,210
2.5,10.5,222
2.5,10.7,226
2.5,6.9,170
5.7,18.7,380
3.5,12.5,255
3.5,13.4,274
2.7,12.1,263
3.5,12.6,268
2.7,12.7,274
2.7,12.4,279
3.5,13.2,283
3.5,13.8,301
3.5,13.8,300
4.6,15.8,334
5.7,17.2,358
4.6,16.8,349
5.7,18.1,378
1.5,7.3,155
1.5,7.8,164
1.5,7.9,173
1.5,7.8,168
1.8,9.7,199
1.8,9.5,198
1.8,9.6,201
1.8,9.7,199
3.6,13.9,277
1.8,9.4,192
1.8,9.3,190
2,9.6,199
2,9.7,198
2,10.4,216
2,10.9,220
1.8,10.6,220
1.8,9.3,192
1.8,9.6,194
1.8,10.6,220
1.4,8.5,175
1.4,8.3,168
1.8,9.4,193
2,9.8,205
2,10.2,208
1.8,10.1,204
3.6,11.9,242
2,11.7,256
2,12,263
3.6,13.8,287
2,9.6,198
2,10.7,219
2,9.6,198
2,10.7,219
2,10.9,221
2,11.8,241
2,10.8,220
2,10.1,204
2,10.8,219
2,9.6,198
2,10.7,219
2,10.9,221
2,11.8,241
2,10.8,220
2,10.1,204
2,10.8,219
2,10.7,221
2,10.4,216
2,11.3,233
2,11.7,244
2,10.6,232
2,10.8,239
2,11.5,249
2.4,9.4,192
3.5,12.6,259
3.5,12.2,251
3,9.1,210
3.5,11.1,261
3.5,12.4,250
3.5,8.4,196
2.4,10,205
2.4,10.2,209
3.5,11.4,228
3.5,12,240
1.8,9.7,197
1.8,9.7,197
2,10,205
2,10.5,217
2.9,13.8,280
2,10.8,226
2.9,14.1,292
4,13,271
5.2,15.5,322
6,16.7,332
6,17.5,346
2,9.1,188
2,9.7,205
2,10.8,223
2,8.6,177
2,10,203
2,9.9,204
2,10.5,217
2,10,203
2,9.9,204
2,10,203
2,10,203
2,10.6,216
3,11.5,235
3,11.5,235
3,12.6,247
4,15.1,290
4,15.1,290
2,11.6,236
2,11.9,240
2,10.4,226
2,12.2,258
3,12.6,260
5.2,16,304
5.2,17.1,338
5.2,17.1,338
2.5,12.4,248
2.9,12.9,260
4,17,318
2,10.6,223
3,11.5,232
3,11.5,232
3,11.9,239
3,11.5,232
4,15,298
4,15,298
4,16.2,313
3,12.7,270
2,10.1,209
2,10.1,209
2.5,12.3,245
2,10.3,222
6,18.8,370
6,20.4,389
6,20.4,389
4,18.8,353
6,20.4,389
6.8,20.9,405
2,9.8,197
2,11.1,219
2,10.2,208
2,9.9,202
2,7.8,184
2,7.8,184
2,10.2,208
2,10.2,208
2,10.2,208
3,9.2,183
3,12.1,240
3,11.1,223
3,12.2,245
3,11.8,235
2,10.7,214
2,10.2,208
2,10.2,208
3,9.2,183
3,12.1,240
3,11.8,235
3,11.1,223
3,12.2,245
3,11.1,223
2,10.2,208
3,11.6,236
3,12.3,248
3,12.3,248
3,11.9,241
4.4,14.7,292
4.4,14,286
4.4,14.7,292
4.4,14.7,292
4.4,14.3,283
4.4,14.7,292
3,11.8,245
3,13.1,267
3,10.9,222
3,12.7,255
3,10.9,222
3,12.5,249
3,11.2,227
3,11.2,227
3,13.5,280
3,13.5,273
3,14.5,299
3,13.8,280
3,13.5,280
3,13.5,273
4.4,14.3,283
4.4,17.3,344
4.4,16.2,324
4.4,17.3,344
4.4,16.2,324
4.4,17.3,344
4.4,16.2,324
6.6,17.7,355
2,10.7,217
2,11,222
2,10.8,223
3,11.7,241
2,11.8,240
3,12.9,266
3,10.3,246
3,13,270
4.4,15.4,317
4.4,16.6,341
3,13,270
4.4,15.4,317
4.4,16.6,341
3.6,12.9,263
3.6,13.8,277
1.4,9.3,194
1.4,8.6,185
1.4,9.9,210
1.4,9,196
2,11.8,248
2.5,11.1,234
3.6,11.3,228
2.5,9.3,190
3.6,11.8,237
2,10.7,217
2,11,227
3.6,12.4,250
2,10.5,216
2,12,240
3.6,11.6,234
2,10.8,222
3.6,12.1,247
3.6,13.9,291
3.6,14.4,295
2,11,224
3,13,263
3.6,13,261
2,11,224
3.6,11.6,234
2,11.2,229
3.6,12.1,247
3.6,15,311
6.2,16.5,329
6.2,16.6,329
3.6,12.1,250
3.6,12.8,263
3.6,13.2,260
3.6,13.7,272
3.6,15,302
2,10.8,220
2,11.9,235
3.6,12.3,246
3.6,14.4,274
6.2,14.2,273
6.2,14.3,284
6.2,18.8,361
6.2,17.1,348
2,9.8,218
2.5,12.1,253
2.5,11.9,251
2.8,10.8,257
3.6,13.4,274
2.5,12.6,266
2.8,12.1,279
3.6,14.1,288
2.8,12.5,315
3.6,15,331
6.2,15.5,297
6.2,14.2,278
6.2,17.6,336
6.2,15.6,312
1.4,8,166
1.4,8.6,172
1.4,8.1,169
1.6,7.7,175
1.6,7.8,170
1.4,8.1,172
1.4,8.6,175
1.4,8.4,176
1.6,7.8,178
1.6,8.1,180
1.5,9.2,195
1.6,8.5,198
1.5,9.8,209
1.6,8.5,198
2,10.9,228
2.5,10.9,224
3.6,12.7,254
3.6,17.2,245
1.5,8.8,181
2,10.5,213
1.8,4.8,121
4.3,13.4,278
4.3,19.3,284
5.3,14.6,298
5.3,14.6,298
5.3,19.7,283
5.3,14.9,307
6.2,15.9,324
5.3,13.4,278
4.3,14.1,294
4.3,20.2,296
5.3,15,307
5.3,15,307
5.3,21,309
5.3,15.6,324
6.2,16,331
5.3,14.4,304
1.4,8.8,184
1.4,8.4,174
1.8,9.3,193
1.8,9.2,190
1.4,8.8,184
1.4,8.4,174
1.8,9.3,193
1.8,9.2,190
1.4,7.8,167
1.4,8,166
5.3,15.1,305
5.3,15.1,305
5.3,19.8,285
5.3,15.3,313
5.3,15.3,312
5.3,15.1,305
5.3,15.1,305
5.3,19.8,285
5.3,15.2,310
5.3,15.2,310
5.3,20.8,299
6.2,16.4,325
2,11.7,246
3.6,12.9,258
3.6,13.7,276
1.4,9.3,194
1.4,9.2,194
1.4,9.9,210
3.6,12.4,242
3.6,12.4,242
3.6,17.1,234
5.7,14.7,289
3.6,12.8,258
3.6,12.8,258
3.6,17.6,248
3.6,12.9,259
3.6,12.4,249
3.6,12.4,242
5.7,15.6,307
6.4,16.7,325
5.7,14.7,289
6.4,15.6,302
3.6,12.8,258
3.6,12.8,258
3.6,17.6,248
6.4,16.7,325
6.4,15.6,302
6.2,17.6,339
6.2,17.6,339
6.2,18.1,352
3.6,13.7,271
3.6,13.7,271
3.6,18.9,268
3.6,12.4,242
3.6,12.4,242
3.6,17.1,234
5.7,15.6,302
5.7,14.7,289
6.4,15.6,302
3.6,12.8,258
3.6,12.8,258
3.6,17.6,248
5.7,16,312
6.4,15.6,302
6.2,17.6,339
3.6,12.7,265
5.7,16.7,331
6.4,18.3,363
3.6,13.7,276
3.6,19.4,274
2.4,12.7,261
3.6,14.2,284
3.6,19.1,274
3.6,14.5,292
1.4,9.3,187
1.4,9,185
1.4,9.7,202
1.4,8.4,182
1.4,9.7,202
1.4,8.4,182
1.4,10.7,221
1.4,9.5,197
2.4,10.7,220
2.4,11,226
2,5.7,138
1,8.6,195
2,10.2,217
2,11.5,233
2,11.3,231
3.5,13.5,270
2,11.9,246
2.7,13.8,282
3.5,14.2,291
1.5,10.2,214
2.5,11.1,229
2.5,15.2,219
1.5,10.7,226
2,11.5,241
3.5,13.8,291
3.5,14.9,311
2.3,12.6,254
3.5,13.9,283
3.5,18.7,269
2.3,13.1,267
3.5,14.8,305
3.5,14.5,299
3.5,19.7,288
2.7,11.9,249
2.7,12,253
2.7,12.3,258
3,10.8,256
3,10.8,260
3.3,12.3,259
3.3,12.3,257
3.3,16.8,248
3.3,12.4,263
3.3,12.4,263
3.3,16.8,248
3.5,13.6,282
3.5,13.6,288
3.5,13.7,293
5,14.1,292
5,13.9,286
5,20.2,288
5,14.7,308
5,14.7,307
5,20.2,288
5,14.7,324
5,14.7,323
5,20.3,288
2.7,12.6,265
2.7,13.1,277
2.7,13.1,272
3,11.8,288
3,11.8,288
3,11.2,266
3.3,13,277
3.3,12.9,273
3.3,17.6,263
3.3,13.8,291
3.3,13.8,291
3.3,17.5,262
3.5,14.3,295
3.5,14.4,297
3.5,14.5,305
5,14.6,304
5,15.1,311
5,20,300
5,14.7,324
5,15.1,324
5,20,300
5,15.7,334
5,16.1,339
3.5,15.6,339
1.6,8.6,179
1.6,8.6,182
1.6,9,192
3.5,14.7,298
3.5,14.7,303
3.5,15.7,322
1,8.5,176
1,7.9,164
2,8.9,179
2,9.8,200
2,9.5,196
2.3,12.2,252
2,10.5,219
1.5,10,203
2,11.2,225
2.5,11.3,223
2,11.8,238
2.7,13.8,277
2,5.5,131
3.5,20.4,403
2.3,11,219
2.3,11.8,236
2.3,11,222
2.3,11.8,240
5,15.1,291
5,15.5,300
2.3,11.8,238
2.3,11.8,240
5,15.5,305
5.2,17.2,341
3.5,16.2,345
3.7,16.8,354
3.5,13.1,260
3.5,17.6,249
3.5,14.6,294
3.5,13.6,291
3.5,18.7,271
2.5,11.9,244
2.5,16.2,234
2.5,12.3,251
2.5,16.8,241
3.3,13.8,282
3.8,13.4,276
5,15.6,312
3.3,13.7,279
5,15.2,306
2.5,11,239
3.6,13.1,268
2.5,11.2,243
3.6,13.5,275
2.5,12.1,253
2.5,11.9,251
2.8,10.8,257
3.6,13.4,274
2.5,12.6,266
2.8,12.1,279
3.6,14.1,288
4.3,13.4,278
4.3,19.3,284
5.3,14.6,298
5.3,14.6,298
5.3,19.7,283
5.3,14.9,307
6.2,15.9,323
5.3,13.4,278
4.3,14.1,294
4.3,20.2,296
5.3,15,307
5.3,15,307
5.3,21,309
5.3,15.6,324
6.2,16,331
5.3,14.4,304
1.5,9.2,201
1.6,8.5,198
1.5,9.6,210
1.6,8.5,198
2,11.2,239
5.3,15.1,305
5.3,15.1,305
5.3,19.8,285
5.3,15.2,310
5.3,15.2,310
5.3,20.8,299
6.2,16.4,325
5.3,15.1,305
5.3,15.1,305
5.3,19.8,285
5.3,15.3,313
5.3,15.3,312
6.2,17.1,340
1.5,7.9,168
1.5,8.2,177
1.5,8.9,185
2,10.7,214
2,10.4,211
2,5,118
1.5,7.5,158
1.5,7.7,158
2,7.8,163
2,8.5,173
1.5,8.4,173
1.5,7.7,162
1.5,7.9,170
1.5,8,167
1.5,7.9,170
1.5,8,167
1.5,7.4,153
2,7.8,163
2,8.5,172
1.5,8.4,173
2,10.6,224
1.5,8.4,181
1.5,8.7,188
1.5,7,151
1.5,7.6,166
1.5,8.1,174
1.8,8.3,180
1.8,8.3,180
1.8,9.4,195
1.8,8.9,194
1.8,8.9,194
3.5,12.6,252
3.5,12.2,247
3.5,13,266
3.5,12.4,256
3.5,12.8,264
1.6,8.9,189
1.6,8.3,173
1.6,8.2,173
1.6,10.7,221
2,8.3,174
2,9.3,188
1.6,9.2,194
1.6,10.7,226
2,9.4,198
2,9.8,205
1.6,4.3,102
1.6,4.2,96
2,8.6,186
1.6,9,201
2,9.2,202
3.3,12.9,265
3.3,13,269
3.3,13.9,295
2.4,11.1,235
2.4,12,253
2,12.5,264
2,10.4,212
2.4,9.8,202
2,6,135
2,5.9,132
2,10.1,213
1.6,9.9,221
2,11,241
2,10.7,228
3,12.4,253
3,12.5,260
3.5,9.1,200
2,11.2,233
3,12.3,251
3,12.5,259
3.7,13.2,274
5.6,14.9,301
2,9.7,200
2,10.6,221
3.5,12.5,257
5.6,17.4,354
2,8.9,218
2,10.7,227
3,13.3,277
2,10.2,215
3,11.9,242
3,14.9,296
3,12.4,253
3,15.3,302
3,13,265
2,10.2,215
3,11.9,242
3,14.9,296
3,12.4,253
3,15.3,302
3,13,265
5,15.6,311
5,15.6,311
2,7.8,186
2,9.8,200
3,11.8,238
2,7.8,186
2,10.1,207
3,12,243
3,14,276
3,14,280
5,15.8,313
2.4,11,225
2.4,15.5,218
3.2,11.4,234
2.4,11.3,235
2.4,11.3,235
2.4,16.3,231
3.2,11.6,241
2.4,11.4,239
3.2,12.8,259
2.4,12.1,256
3.2,12.9,269
2.4,10.6,218
2.4,10.4,211
2.4,10.8,222
2.4,10.8,221
3,11.2,268
3.6,12.7,265
5.7,16.7,331
6.4,18.3,368
6.2,20.9,413
2,10.5,233
3.6,12.8,274
3.6,13.7,277
2,10.9,245
3.6,12.9,275
3.6,13.8,285
1.4,9.9,209
2.4,10.8,222
2.4,10.8,222
2.4,14.4,206
1.4,9.9,211
2.4,11.2,230
3.6,14.1,299
3.6,14.2,298
3.6,14.7,313
3.6,15,312
3.3,11.5,237
2,8,168
2,9.4,198
2,9.4,195
1.6,9.4,207
2,9.4,197
2,9.8,204
3.8,13.8,279
5,15.6,317
1.6,4.6,114
1.6,4.5,110
1.6,5.1,129
2,10.9,224
2.4,9.6,198
2.4,9.3,190
2,6,132
1.6,8.5,177
1.6,8.3,175
3.3,13.2,275
3.3,12.9,269
3.3,14.1,296
2.4,11.2,234
2,12.3,259
2.4,11.5,246
3.3,14,289
3.3,13.2,270
1.6,9.1,199
1.6,9.4,205
2,9.5,206
2.4,10.3,218
2,11.9,263
2.4,11.3,247
3.3,12.7,265
5.2,16.8,336
5.2,17.2,349
5.2,16.7,337
5.2,17.2,350
2,11.4,246
2,10.9,225
2,11.2,231
2,9.2,229
3,13,273
2.5,5.8,139
3.5,11.4,226
3.5,12.5,257
3.5,8,176
5,14.9,293
4.6,16,341
2,10.6,214
3.5,12.3,254
3.5,12.3,254
5,14.7,286
3.5,8.9,187
3.4,12.2,240
3.4,13,259
3.5,9.4,195
3.5,10.3,211
5.7,18.2,371
2,10.6,226
2,10.8,232
2.5,7.2,176
3.5,13.1,262
3.5,13.1,262
5,15.2,289
3.5,12.2,252
3.5,13.1,268
3.5,7.5,185
2.7,14,280
3,14.5,290
3.7,14.3,287
2,12.3,256
2,12.1,254
2.3,13.1,269
3.5,15.7,322
3.7,14.7,298
2.7,14.1,284
3.7,14.3,293
2,11.8,242
3,14,278
2,5.7,139
3.5,14.9,310
3,14.1,286
3,14.5,293
3,14.7,295
4.7,18.2,355
4.7,18.2,358
3,16.4,340
3,16.6,346
3.8,16.1,321
3,14.9,300
3,15,301
2,8.2,180
2,9,189
2,8.8,192
2,9.7,206
2.5,9.7,206
2.5,9.3,201
2.5,10.2,217
2.5,9.8,208
2.5,10.6,225
2.5,11.5,242
2,8.4,176
2,8.5,175
2,8.5,175
2.5,8.8,182
2.5,8.5,176
2.5,9.3,194
2,8.4,174
2,8.6,178
2.5,9,187
2.5,8.7,181
2.5,9.6,198
2.5,9.1,187
2.5,10,208
2,9.1,188
2,8.9,189
3,11.8,244
3,12.3,256
3,11.8,245
4,13.4,274
4,14,291
4,13.8,285
4,13.4,274
4,14,291
4,13.8,285
2,10.3,217
3,12.4,258
4,15.5,313
4,15.2,312
5.5,19.9,419
2,10.7,225
3,13.1,277
3,13,272
3,13.5,282
3,13.5,285
5.5,17.2,364
5.5,17.2,357
5.5,17.6,367
4,14.5,302
4,14.7,304
4,15.5,322
4,15.5,322
4,15.6,324
4,14.5,302
4,14.1,275
4,15.8,306
4,14,271
6,18.6,356
5.5,14.7,291
6,17.6,339
3,11.6,236
2,9.8,196
2,10.3,215
2,10.5,214
2,10.8,224
2,10.5,218
2,10.7,222
2,9.6,193
2,9.9,204
2,11,227
3,11.8,246
3,12,251
3,11.9,248
3,12.4,261
4,18.2,410
2,10.1,209
2,11.1,240
2,11,235
3,13.5,282
4.7,15.2,317
3,14.3,305
4.7,16.5,346
6,18.4,355
2,11.5,251
2,12.3,268
3,12.8,255
4,13.9,276
4,13.5,265
4,13.1,261
4,13.6,269
3,11.5,238
4.7,13.5,275
2,9.6,202
1.5,8.7,184
1.5,8.5,175
1.5,8.7,184
1.5,8.4,174
1.5,10.2,212
1.5,10.5,214
1.5,8.7,184
1.5,8.4,174
1.5,10.3,215
1.5,10.5,214
2,9.3,197
2,10.3,210
2,9.3,197
2,10.3,210
2,10.5,215
2,11.4,227
2,9.3,195
2,10.3,210
2,10.5,215
2,11.3,227
2,9.3,197
2,10.3,210
2,10.2,211
2,11.4,228
2,9.8,203
2,10.8,220
2,10.6,220
2,11.5,232
1.5,9.4,208
1.5,9.6,216
1.2,6.4,141
1.2,7.1,150
1.2,6.9,149
1.2,7.2,155
2.4,9.9,212
3,12,248
2,9.7,204
2,10.3,216
2,10.1,213
2.4,10.3,219
3.7,12.6,261
3.7,13.3,269
3.7,13,270
3.7,13.6,278
2.5,8.7,179
2.5,8.9,185
3.5,10.6,214
5.6,17.5,362
2.5,13.6,290
2.5,12.2,268
4,14.7,300
4,15.8,326
4,15.1,317
3.8,14.5,300
1.6,7.7,169
3.5,11.1,227
1.6,9,188
1.6,8.7,186
3.5,11,230
3.5,11.2,232
2,9.8,218
3.5,11.6,240
3.5,12.1,250
3.5,12.4,259
2,8.8,191
2,10,216
2,9,196
2.5,9.2,192
2.5,9.7,205
1.8,8.1,172
1.8,8.9,187
1.6,8.9,193
1.6,9.1,195
1.6,9.4,205
1.6,9.5,204
5.6,15,312
5.6,15.2,315
5.6,15.9,331
1.6,7.6,164
1.6,8.6,180
3,10.6,221
3,11.8,237
3,10.8,227
3,12,241
3,11.5,243
3,13,260
3,11.8,249
3,12.7,258
3,10.8,226
3,12.1,242
3,10.8,228
3,12.1,243
3,10.7,225
3,12.1,242
3,11,230
3,12.2,246
3,11.8,248
3,12.8,257
3,11.9,250
3,12.9,260
3,11,232
3,12.1,243
3,10.9,231
3,12.2,246
4,15.8,324
4,18,352
3,10.9,228
3,12.2,246
3,12.1,251
3,13.2,266
3,11.1,233
3,12.2,246
3.8,12.6,266
3.8,12.6,267
3.8,12.6,266
3.8,12.6,267
3.8,13.8,285
2,10.5,219
2,11,229
2.5,11.8,249
2.5,12.3,257
2.5,11,230
2.5,12.1,249
3.6,12.9,268
3.6,14.5,296
3.6,13.6,281
3.6,13.9,281
4.8,16.7,334
4.8,16.7,334
2,10.5,219
2,11,229
2.5,11.8,249
2.5,12.3,257
2.5,11,230
2.5,12.1,249
2,11.6,248
3,13.8,287
3,13.7,285
3.6,14.2,287
3.6,14.1,286
3,11,229
3,11.3,235
3,11.3,235
3,11.5,242
2.9,11.3,235
2.9,11.3,235
2.9,12.1,249
4,12.8,261
4,12.8,261
4,13.4,279
3.6,13.9,280
3.6,19.7,283
5.7,17,346
5.7,15.7,319
3,11.8,278
3.6,14.5,294
3.6,20.7,300
5.7,18.7,382
5.7,16.1,328
3,12.3,289
2.4,11.2,232
6.6,20.3,397
6.6,20.3,397
6.6,20.3,397
6.7,20,387
6.7,20,387
6.6,19.6,388
2,9.7,200
2,11.2,229
2,11.6,239
2,8.8,188
2,10.5,220
2,10.2,223
2.5,9.2,196
2.5,10.9,228
2,8.3,174
2,10,208
2,8.4,176
2,10.1,211
2.5,9.3,193
3.6,11.9,241
2.5,9.4,198
3.6,12,247
2,12.6,256
2,11.3,235
2.5,14.1,291
2.5,14.3,296
4,14.3,308
4,14.3,308
2,9.9,204
2,11.3,232
3.5,11.4,226
2.5,8.1,164
2.5,8.4,172
2.5,8.5,173
3.5,10.5,210
3.5,10.7,215
2.5,4.9,113
2.5,5.3,121
2,8.7,189
1.8,8.3,174
1.8,8.3,178
1.8,8.5,178
1.8,7.8,163
1.8,8,168
1.8,8.3,176
1.8,8.8,185
3.5,11.8,243
3.5,12.1,251
3.5,12,247
3.5,11.7,242
3.5,8.1,193
1.8,4.3,105
1.5,4.9,120
1.8,5.5,135
2.5,10,210
2.5,10.5,222
2.5,10.7,226
2.5,6.9,171
5.7,18.4,384
3.5,12.5,256
3.5,13.4,274
2.7,12.1,263
3.5,12.6,268
2.7,12.7,274
3.5,13.2,283
3.5,13.8,299
3.5,13.8,300
5.7,17.7,371
4.6,16.8,354
5.7,18,383
1.5,7.3,155
1.5,7.8,164
1.5,7.9,173
1.5,7.8,168
2,10.8,233
3.6,13.7,282
2,9,191
2,9,191
2,9.1,189
2,9.1,189
1.8,9.6,199
1.8,9.3,192
2,9.6,200
2,9.6,199
2,10.6,220
2,11.1,227
1.8,10.7,220
1.8,11.1,225
1.8,9.6,199
1.8,9.4,192
1.8,10.8,224
1.8,10.8,218
2,9.3,188
3.6,12.2,246
2,10.6,229
2,11.3,237
2,11,226
2,10.9,221
2,11.8,241
2,10.8,220
2,10.1,206
2,10.6,216
2,11,226
2,10.9,221
2,11.8,241
2,10.8,220
2,10.6,216
2,10.4,214
2,10.9,224
2,10.7,228
2,11.4,240
2,10.9,227
2,11.5,240
2.4,9.9,199
3.5,12.2,252
3.5,12.2,258
3,9.1,210
3.5,11.1,261
2,11,232
2,11.3,242
3.5,8.4,196
2.4,10,205
2.4,10.2,209
3.5,11.4,228
3.5,12,240
1.8,9.7,197
1.8,9.7,197
2,10,205
2,10.5,217
2.9,13.8,280
2,10.3,218
2,10.8,226
2.9,14.1,292
4,13,271
5.2,15.5,312
5.2,16.4,324
6,16.7,332
6,17.5,346
4,12.7,264
2,9.1,188
2,10.9,225
2,10.7,221
2,8.6,182
2,10,204
2,10.7,221
2,10,204
2,10,204
2,10,204
3,10.7,224
3,10.7,224
3,12.5,252
2,12.3,248
2,10.9,230
2,12.2,258
3,12.6,260
3,14,294
2.5,12.4,247
2.9,13.3,262
2.9,13.5,268
2,10.7,222
3,11.3,230
3,11.3,230
3,11.4,234
3,11.3,230
3,12.7,270
2,10.3,213
2,10.3,213
2.5,12,241
2,10.4,220
4,16.4,315
2,10.2,207
2,9.9,202
2,9.5,194
2,10.2,207
2,10.2,207
2,10.6,213
2,10.2,207
2,10.2,207
3,11.2,227
3,12.8,256
3,11.8,235
3,11.4,228
3,13,256
3,11.4,228
2,10.2,207
3,11.2,231
3,12.3,248
3,11.9,241
4.4,14,282
4.4,13.3,269
4.4,14,282
4.4,14,282
4.4,14,282
3,14.3,294
3,13.4,273
3,11.2,227
3,12.8,256
3,11.2,227
3,12.8,256
3,11.2,227
3,12.8,256
3,11.3,229
3,11.3,229
3,11.3,229
3,14.5,299
3,13.8,280
3,14.5,299
3,13.8,280
3,14.3,294
3,13.4,273
3,14.3,294
3,13.4,273
3,14.3,294
4.4,16,324
4.4,16,324
4.4,13.3,269
4.4,17.3,344
6.6,17.7,355
4.4,13.5,270
4.4,13.3,269
2,10.7,217
2,11,222
2,10.8,223
3,11.9,245
2,10.8,223
3,11.9,245
3,11.7,245
4.4,15.3,314
3,13,272
4.4,14.3,294
4.4,16.6,341
3,12,254
4.4,14.3,294
3.6,13,263
3.6,13.8,278
1.4,9.4,204
1.4,8.9,194
1.4,9.9,214
1.4,9.4,205
2,11.7,249
2.5,11.1,234
3.6,11.7,233
2.5,9.4,192
3.6,11.7,238
2,10.6,214
2,11,227
3.6,12.4,251
3,13.1,267
3.6,13,261
4.2,17.3,324
2,11,222
3.6,12.3,246
2,11.4,232
3.6,13.3,269
3.6,15,298
6.2,17.1,337
6.2,16.6,328
2,9.8,209
2,10.9,227
3.6,12.1,250
3.6,12.8,263
3.6,12.9,259
3.6,13.7,272
3.6,15,302
2.5,10.8,232
3.6,12,250
3.6,12.7,265
2,10.8,220
2,11.9,235
3.6,12.3,246
3.6,14.3,277
6.2,14.5,279
6.2,14.9,297
6.2,18.3,355
6.2,17.2,349
2.5,12.1,253
2.5,11.9,251
2.8,11.8,270
3.6,13.4,274
2.5,12.7,267
2.8,12.2,283
3.6,14,286
2.8,13.3,326
3.6,15,331
6.2,15.6,299
6.2,14.6,286
6.2,17.2,331
6.2,15.9,318
6.2,19.5,381
6.2,18.2,368
1.4,8.3,172
1.4,8.3,172
1.6,7.6,172
1.4,8.3,172
1.4,8.5,175
1.6,7.8,178
1.5,9.2,196
1.6,8.5,199
1.5,9.3,207
1.6,8.5,199
2,10.9,228
2.5,10.8,225
3.6,12.7,254
3.6,17.2,245
1.5,8.2,174
2,10.5,214
1.8,4.8,121
2.7,11.9,261
4.3,15.1,316
5.3,15.9,326
5.3,15.7,329
5.3,21.1,306
5.3,14.1,290
2.7,12.5,275
4.3,15.8,329
4.3,16.3,347
5.3,15.9,329
5.3,16.1,339
5.3,16.5,350
5.3,14.9,306
5.3,15.3,320
6.2,15,321
5.3,15.6,317
5.3,15.8,325
1.4,7.9,167
1.4,8,170
5.3,15.7,314
5.3,15.7,314
5.3,21.2,298
5.3,16.8,336
5.3,16.8,336
6.2,17.1,340
5.3,15.7,314
5.3,15.7,314
5.3,21.2,298
5.3,15.8,321
5.3,15.8,321
6.2,16.4,325
3.6,13,261
3.6,13.7,277
1.4,9.1,196
1.4,9.4,194
1.4,9.9,214
3.6,12.4,242
3.6,12.4,242
3.6,17.1,234
5.7,14.7,289
3.6,12.8,258
3.6,12.8,258
3.6,17.6,248
3.6,12.9,259
3.6,12.4,249
3.6,12.4,242
5.7,15.6,307
6.4,16.7,325
5.7,14.7,289
6.4,15.8,304
3.6,12.8,258
6.2,17.6,339
6.2,18.1,352
6.2,17.6,339
3.6,13.7,271
3.6,13.7,271
3.6,18.9,268
3.6,12.4,242
3.6,12.4,242
3.6,17.1,234
5.7,15.6,302
5.7,14.7,289
6.4,15.8,304
3.6,12.8,258
3.6,12.8,258
3.6,17.6,248
5.7,16,312
6.2,17.6,339
3.6,12.7,265
5.7,16.7,331
6.4,18.3,363
3.6,13.7,276
3.6,19.4,274
2.4,12.7,261
3.6,14.2,284
3.6,19.1,274
3.6,14.5,292
1.4,9.3,187
1.4,9,185
1.4,9.7,203
1.4,8.5,186
1.4,10.7,221
1.3,10,213
1,8.6,196
2,10.2,218
2,10.9,224
2,11.4,233
2.7,12.6,259
1.5,10.2,214
2.5,11,226
2.5,15,218
1.5,11.2,232
2,11.5,239
3.5,14.1,293
3.5,14.7,307
2.3,13.1,267
3.5,15.2,311
3.5,14.5,299
3.5,19.8,288
2.7,12,249
2.7,12.4,260
2.7,12.4,260
3,10.8,256
3,10.8,260
3.3,12.2,256
3.3,16.7,247
3.3,12.4,263
3.3,16.7,247
3.5,13.5,281
3.5,13.8,291
3.5,13.9,298
5,13.9,287
5,20.3,290
5,14.7,308
5,20.3,290
5,15.6,326
5,20.4,291
2.7,12.7,268
2.7,13.1,277
2.7,13.1,277
3,11.8,287
3,11.8,287
3,11.2,266
3.3,12.8,273
3.3,17.5,263
3.3,13.8,291
3.3,17.5,263
3.5,14.3,295
3.5,14.7,303
3.5,14.7,308
3.5,13.8,296
5,15.1,312
5,20,300
5,15.7,326
5,20,300
5,16.8,347
5,21.3,323
3.5,15.3,336
3.5,14.7,298
3.5,14.7,303
3.5,15.7,322
1.6,8.6,178
1.6,8.8,184
1.6,9.2,196
1.5,10,204
2,5.5,131
3.5,20.4,402
2.3,11.2,221
2.3,11.8,242
2.3,11.2,227
2.3,11.8,244
5,15,289
5,16.1,311
5,16.1,311
2.3,11.9,243
2.3,11.8,241
5,15.4,302
2.3,11.8,256
5.2,17.2,341
3.5,16.2,346
3.7,16.9,355
3.5,13.5,270
3.5,17.8,254
3.5,14.6,294
3.5,14,291
3.5,18.5,267
2,9.8,219
2,9.8,219
2,13.3,209
2.5,12,247
2,9.9,214
2,9.9,214
2,13.7,208
2.5,12.1,251
2,12.8,255
2,11.5,241
3.3,13.3,274
3.3,13.8,282
3.8,13.4,276
5,15.6,312
3.3,13.7,279
5,15.2,306
2.5,11.1,237
3.6,13.1,268
2.5,11.3,248
3.6,13.5,275
2.5,12.1,253
2.5,11.9,251
2.8,11.8,270
3.6,13.4,274
2.5,12.7,267
2.8,12.2,283
3.6,14,286
2.7,11.9,261
4.3,15.1,317
5.3,15.9,326
5.3,15.7,329
5.3,21.1,306
5.3,14.3,294
2.7,12.6,277
4.3,15.8,329
5.3,15.9,330
5.3,16,339
5.3,15.3,316
5.3,15.3,320
6.2,15.5,326
6.2,15.7,332
5.3,15.6,317
5.3,15.8,325
1.5,9.2,201
1.6,8.5,199
1.5,9.6,210
1.6,8.5,199
2,11.2,239
5.3,15.7,314
5.3,15.7,314
5.3,21.2,298
5.3,15.8,321
5.3,15.8,321
6.2,16.4,325
5.3,15.7,314
5.3,15.7,314
5.3,21.2,298
5.3,16.8,336
5.3,16.8,336
6.2,17.1,340
1.5,7.9,168
1.5,8.2,177
1.5,8.9,185
2,10.7,214
2,10.4,211
2,5,117
1.5,7.8,167
2,7.8,164
2,8.3,176
2,9.3,189
1.5,8.4,173
1.5,7.7,162
1.5,7.9,170
1.5,8,167
1.5,7.9,170
1.5,8,167
1.5,7.8,165
2,7.9,167
2,9.3,186
1.5,8.4,173
2,10.6,224
1.5,8.4,181
1.5,8.7,188
1.5,7,151
1.5,7.6,166
1.5,8.1,174
1.8,8.4,181
1.8,8.8,193
1.8,9.1,199
1.5,4.6,114
1.5,4.6,114
3.5,12.6,252
3.5,12.2,247
3.5,12.5,265
3.5,12.4,250
3.5,13,266
3.5,12.4,257
3.5,12.8,263
1.6,8.2,172
1.6,8.2,173
1.6,8.9,189
1.6,10.7,221
2,8.3,174
2,9.2,188
1.6,9.7,205
1.6,10.3,218
2,9.4,200
2,9.8,207
1.6,4.3,104
1.6,4.2,96
2,8.6,186
1.6,9,201
2,9.2,202
2.4,10.8,225
2,12.3,262
2.4,11.2,237
3.3,13.2,268
3.3,13.4,276
3.3,14.1,297
2,10.4,212
2.4,9.3,198
2.4,9.2,190
2,6,135
2,5.9,132
2,10,216
2,10.8,239
2.4,11,240
2,9.1,193
2,9.4,198
2,10.6,226
1.6,8.5,184
1.6,9.4,197
2,10.7,229
3,12.4,253
3,12.5,261
2,11.2,233
3,12.3,251
3,12.5,259
3.7,13.2,275
5.6,14.9,301
2,10,211
3.5,12.5,257
5.6,17.4,354
2,11,231
2,8.9,218
2,10.7,227
3,13.3,277
2,10.2,215
3,11.9,242
3,14.9,296
3,12.4,253
3,15.3,302
3,13,265
2,10.2,215
3,11.9,242
3,14.9,296
3,12.4,253
3,15.3,302
3,13,265
5,15.6,311
5,15.6,311
2,7.8,186
2,9.8,200
3,11.8,238
2,7.8,186
2,10.1,207
3,12,243
3,14,276
3,14,280
5,15.8,313
2,10.4,214
2.4,10.8,219
3.2,11.9,240
2,11.2,229
2.4,11.2,230
3.2,12.2,249
2,11.5,240
3.2,12.8,259
2,11.8,249
3.2,12.9,269
2.4,10.6,218
2.4,10.4,211
2.4,10.8,222
2.4,10.8,221
3.6,12.7,265
5.7,16.7,331
3,11.2,268
6.4,18.3,368
6.2,20.9,413
1.3,9.8,204
2.4,10.8,222
1.3,10.1,216
2.4,11.2,230
1.3,10.8,230
2,10.5,233
3.6,12.8,274
3.6,13.7,277
2,10.9,245
3.6,12.9,275
3.6,13.8,285
3.3,11.6,238
2,7.7,164
2,8.6,180
1.6,4.6,114
1.6,4.5,110
1.6,5.1,129
2,11.2,230
2.4,9.5,199
2,6.1,133
1.6,8.5,177
1.6,8.3,175
3.3,12.7,272
2.4,10.7,225
2.4,11.2,242
3.3,12.5,265
1.6,9.1,199
1.6,9,198
2,9.5,206
2.4,10.3,218
2,11.9,263
2.4,11.3,247
2,11.1,229
3.3,13.6,279
5.2,18.1,366
5.2,17.9,370
5.2,18.1,366
5.2,17.9,370
5.2,17.9,370
5.2,17.9,370
4,19.2,384
3,14.8,311
3,11.3,279
2,11.4,246
3,14.1,291
3,10.7,256
5,14.4,305
5,17.9,365
3,14.1,291
3,10.7,256
5,14.1,294
2,10.9,225
2,11.2,231
2,9.2,229
2,11.7,248
3,13,273
2.5,5.5,124
3.5,10.6,211
3.5,10.9,219
3.5,12.3,254
5,14.9,293
4.6,16,341
2,11,220
3.5,12.3,254
3.5,12.3,254
5,15.1,294
3.5,9,189
3.4,13.1,261
3.5,10.3,214
5.7,18.2,371
2,10.7,226
2,10.8,232
2.5,7.2,176
3.5,13.1,262
3.5,13.1,262
5,15.2,289
3.5,12.2,252
3.5,13.1,268
3.5,7.5,185
3.5,8.1,190
2,8,168
2,5.5,130
2,5.7,140
2.7,14,281
3,14.5,289
3.7,14.3,287
2,12.3,257
2,12.2,256
2.3,13.1,270
3.5,15.7,322
3.7,14.7,297
2,12.1,245
3,14,278
2,5.7,139
2,12,250
2.7,12.6,259
3.5,15,314
3,14.1,286
3,14.7,295
3,14.7,295
4.7,17.8,354
3,15.9,324
3,16.1,330
3.8,17.9,360
3.8,17.9,360
3,15.1,299
3,15,301
3.8,16,321
2,8.3,179
2,8.8,186
2,8.6,189
2,9.7,206
2.5,9.7,206
2.5,9.3,201
2.5,10.2,217
2.5,9.8,208
2.5,10.8,230
2.2,8.9,227
2.5,10.6,225
2.5,11.6,244
2,8.4,178
2,8.7,180
2.5,8.8,181
2.5,8.8,183
2.5,9.2,192
2,8.6,181
2,8.7,181
2.5,9,187
2.5,9.2,189
2.5,9.8,204
2.5,9.1,187
2.5,10,208
2,9,186
2,9,189
2,9.7,195
2,9.6,199
2,9.4,192
2,9.9,201
3,12.4,253
3,12.7,263
3,12.9,255
3,12.4,255
4,13.2,263
4,13.2,263
4,13.9,282
4,13.9,277
2,10.3,217
3,12.4,235
3,11.2,232
3,12.5,245
3,12.3,237
3,11.5,239
4,16,318
4,14.6,299
4,18.1,396
2,10.7,225
3,12.5,262
3,12.6,265
4,15,309
4,15,309
3,14,292
3,14.1,297
4.7,17.7,370
4.7,17.2,357
4.7,17.8,370
3,12.4,264
4,15.5,323
4,15.6,324
4,15.3,315
4,15.2,315
4,15.9,327
4,14.1,275
4,15.8,306
4,14,271
6,18.6,356
6,17.1,337
6,17.6,343
5.5,15.3,303
3,11.8,238
2,9.8,196
2,10.3,215
2,11,219
2,11.3,231
2,10.9,221
2,10.9,221
2,9.6,193
2,9.9,204
3,11.3,213
2,11,228
3,11.8,244
3,12.7,271
3,12.5,257
3,12.3,254
4,18,378
2,10.1,209
2,11,234
2,10.8,234
3,13.5,282
3,14.9,312
4.7,17.2,355
4,14.4,286
6,18.4,355
2,11.5,251
2,11.3,248
2,12.3,268
3,12.8,253
4,13.8,275
4,13.5,265
4,13.5,265
3,11.8,241
4.7,13.5,270
2,10,205
1.5,8.8,184
1.5,8.5,175
1.5,8.8,184
1.5,8.4,175
1.5,10.2,212
1.5,10.5,214
1.5,8.8,184
1.5,8.4,175
1.5,10.3,215
1.5,10.5,214
2,9.3,197
2,10.2,210
2,9.3,197
2,10.2,210
2,10.4,214
2,11.4,227
2,9.4,197
2,10.2,210
2,10.5,215
2,11.3,228
2,9.3,197
2,10.2,210
2,10.4,214
2,11.4,227
2,9.4,197
2,10.8,220
2,10.6,220
2,11.3,228
1.5,9.6,216
1.2,6.6,143
1.2,7.1,151
1.2,6.9,148
1.2,7.2,153
2.4,9.9,212
3,12,246
2,9.7,206
2,10.1,213
2.4,10.3,218
3.7,12.6,261
3.7,13.3,270
3.7,13,271
3.7,13.6,279
2.5,8.6,174
2,9.1,190
2.5,8.5,177
2.5,9.1,186
2.5,9.3,190
5.6,17.7,364
2.5,13.7,290
4,14.7,299
4,15.8,326
4,15.1,317
3.8,14.2,295
1.6,7.7,169
3.5,11.6,233
1.6,9,188
1.6,8.7,186
3.5,11.7,240
3.5,11.7,242
2,9.8,218
3.5,11.6,240
3.5,12.1,250
3.5,12.4,259
2,8.6,188
2,10.1,217
2,9.1,198
2.5,9.1,192
2.5,9.6,204
1.8,8.1,172
1.8,8.8,183
1.6,8.9,193
1.6,9.1,195
1.6,9.4,205
1.6,9.5,204
5.6,15,312
5.6,15.2,315
5.6,15.9,331
1.6,7.6,164
1.6,8.6,180
3,10.6,221
3,11.8,237
3,10.8,227
3,12,241
3,11.5,243
3,13,260
3,11.8,249
3,12.7,258
3,10.8,226
3,12.1,242
3,10.8,228
3,12.1,243
3,11.9,248
3,14.6,286
3,10.7,225
3,12.1,242
3,11,230
3,12.2,246
3,11.8,248
3,12.8,257
3,11.9,250
3,12.9,260
3,11.1,232
3,12.1,243
3,11,231
3,12.2,246
3.8,15.3,315
4,15.8,324
4,18,352
4,16.1,335
4,16.4,334
4,17.4,350
3,10.9,228
3,12.2,246
3,12.1,251
3,13.2,266
3,11.1,233
3,12.2,246
3.8,12.6,266
3.8,12.7,267
3.8,12.6,266
3.8,12.7,267
3.8,14.3,297
2,10.5,219
2,11,229
2.5,11.8,249
2.5,12.3,257
2.5,11.1,231
2.5,12.1,249
3,12.5,265
2.9,12.9,275
4,15.6,329
2,10.5,219
2,11,229
2.5,11.8,249
2.5,12.3,257
2.5,11.1,231
2.5,12.1,249
2,12.2,264
3,12.9,272
3,12.4,250
3,12.4,253
3,12.4,253
3,12.2,250
2.9,13.1,261
2.9,13.1,261
2.9,13.1,273
4,14.5,295
4,15.7,313
4,12.8,261
4,12.8,261
4,13.4,279
3.6,11.9,253
3.6,11.6,246
5.7,16.2,320
5.7,14.1,290
3.6,12.2,260
5.7,16.1,325
5.7,14.3,302
3,11.8,278
3.6,13.9,280
3.6,19.7,283
5.7,17,346
5.7,15.7,319
3,12.3,289
3.6,14.5,294
3.6,20.7,300
5.7,18.7,382
5.7,16.1,328
2.4,11.2,232
6.7,20,382
6.6,20.3,397
6.6,20.3,397
6.6,20.3,397
6.7,20,382
6.7,20,382
6.6,19.6,388
2.4,11.6,244
2,9.7,200
2,11.2,231
2,8.8,188
2,10.5,220
2.5,9,192
2,8.3,174
2,10.1,209
2,8.4,177
2,10.1,211
2.5,9.3,193
3.6,11.9,241
2.5,9.4,198
3.6,12,247
2,12.6,256
2,11.3,235
2.5,14.3,296
4,14.3,308
4,14.3,308
2,9.9,204
2,11.3,232
3.5,10.9,220
2.5,8.1,164
2.5,8.4,173
2.5,8.5,175
3.5,10.5,210
3.5,10.7,215
2.5,4.9,113
2.5,5.3,121
2,8.7,189
1.8,8.3,174
1.8,8.3,178
1.8,8.5,178
1.8,7.8,163
2,7.5,157
2,8.4,174
3.5,11.8,243
3.5,12.1,250
3.5,12,248
3.5,11.7,242
3.5,8.1,193
1.8,4.4,105
1.8,4.5,109
1.5,4.9,120
2.5,8.8,183
2.5,9.2,190
2.5,5.8,140
5.7,18.4,384
3.5,12.4,254
3.5,13.4,274
2.7,12.1,263
2.7,12.7,274
3.5,13,278
3.5,13.8,299
3.5,13.8,300
5.7,17.7,371
4.6,16.8,354
5.7,18,382
1.5,7.3,155
1.5,7.8,164
1.5,7.9,173
1.5,7.8,169
2,12,244
2,11.6,245
3.6,13.8,286
2,9,191
2,9,191
2,9.1,189
2,9.1,189
1.4,8.1,172
1.4,8.2,172
2,9.6,202
2,9.8,203
2,10.2,213
2,11.4,232
1.8,10.7,220
1.8,11.1,225
1.4,8.6,178
1.4,8.2,172
1.8,10.8,224
1.8,10.8,218
1.4,7.8,162
1.4,7.9,163
2,9.3,196
2,9.6,200
2,9.3,188
2,10.7,221
2,11.1,228
2,9.9,197
2,11.1,218
2,10.6,215
2,11.1,219
2,9.9,197
2,11.1,219
2,10.8,218
2,11.1,219
2,11.6,233
2,10.3,211
2,11.3,233
2,11.8,242
2,11.3,233
2,12.1,250
2.4,9.9,199
3.5,12.3,254
3.5,12.2,258
3,9.1,210
2,11,232
2,11.3,241
3.5,8.4,196
2.4,10.2,209
3.5,11.4,228
3.5,12,240
1.8,9.7,197
2,10,205
2,10.5,217
2.9,13.5,271
2,10.3,218
2,10.8,226
2.9,13.9,288
4,13,271
5.2,15.5,312
5.2,16.4,324
4,13.1,270
4,16.7,333
2,8.8,182
2,10.8,224
2,10.8,224
2,10,205
2,10,206
2,10,205
2,10,206
2,10,205
2,9.8,205
3,10.9,226
3,11.8,247
3,10.9,226
3,13.5,267
4,15.4,308
2,12.3,248
2,10.7,226
3,13.8,296
3,13.8,296
5.2,17.5,347
5.2,17.5,347
2.5,12.1,243
2,10.7,222
3,11.8,245
3,11.8,245
3,12.1,252
3,11.8,245
2.9,12.9,255
2.9,12.9,255
4,17.6,339
3,13.1,276
2,10.3,213
2,10.3,213
2.5,12.1,241
2,10.4,220
4,16.4,315
6,20,401
4,15.1,291
6,19,364
4,15.1,291
6,19.2,373
6,19.2,373
2,10.1,204
2,10.9,219
2,9.5,200
2,10.9,219
2,9.5,195
2,10.6,213
2,10.1,204
2,10.9,219
2,10.9,219
3,12.4,249
3,11.4,231
3,11.4,233
3,13,257
3,11.4,233
2,9.9,206
3,10.7,222
4.4,14.5,290
4.4,14.5,290
4.4,14.5,290
3,14.1,290
3,13.4,273
3,11.4,231
3,12.7,255
3,11.4,233
3,11.4,231
3,11.4,231
3,12.7,255
3,12.7,255
3,11.4,233
3,11.4,233
3,11.4,233
3,14.5,299
3,14.5,299
3,13.8,280
3,13.8,280
3,14.1,290
3,14.1,290
3,13.4,273
3,13.4,273
3,14.1,290
4.4,16,322
4.4,16,322
4.4,13.6,273
6.6,17.8,354
4.4,16,322
4.4,16,322
4.4,16,322
4.4,16,322
4.4,16,322
4.4,16,322
4.4,14.5,290
4.4,13.6,273
4.4,14.5,290
2,10.3,213
2,9.9,207
2,10,210
2,10,215
3,16.6,339
3,16.6,339
3,11.3,235
2,10,215
3,16.6,339
3,16.6,339
3,11.3,235
3,11.7,245
4.4,14.5,302
4.4,14.5,302
3,11.7,245
4.4,14.5,302
3,12,254
4.4,15.5,318
4.4,15.5,318
2,9.5,200
3,10.3,216
3.6,13,263
3.6,13.6,277
1.4,9.4,204
1.4,10,214
1.2,9,198
1.3,9,199
2,11.7,250
2.5,11.1,234
2,10.3,211
2,11,227
3.6,12.5,255
2,10.1,203
2.7,11.5,232
2,10.4,213
2.7,11.7,238
2.7,11.5,234
2.7,11.7,238
2,10.4,209
3,12.6,256
2,11,221
3,13.3,268
3,13.1,263
3,13.8,276
3.6,12.9,259
4.2,17.3,324
6.2,16.7,333
2,9.8,209
2,10.9,227
2,11,227
2,11.2,235
3.6,13.4,270
3.6,13.5,277
2,11,225
2.5,11.3,238
2,11.3,232
3.6,13.1,269
2,10.9,219
2,11.9,235
3.6,12.5,247
3.6,14.3,280
6.2,14.6,282
6.2,14.9,296
6.2,18.3,355
6.2,17.2,349
2.5,12.1,252
2.8,11.8,270
3.6,13.4,273
2.5,12.6,265
2.8,12.3,284
3.6,14,286
2.8,13.3,326
3.6,15,331
6.2,15.4,290
1.5,8.9,196
1.5,9.3,204
2,10.9,228
3.6,12.8,255
3.6,17.2,246
1.5,8.2,189
2,10.5,214
2.7,11.9,262
2.7,12.5,275
3,10.2,238
4.3,15.1,318
5.3,15.9,326
5.3,16,339
5.3,13.9,286
2.7,12.5,275
2.7,12.7,280
3,10.4,252
4.3,15.7,331
4.3,16.3,349
5.3,15.9,331
5.3,16.6,350
5.3,16.7,354
5.3,14.7,303
5.3,14.3,296
5.3,14.7,307
6.2,15,321
6.2,16.8,357
6.2,15.7,332
1.4,7.9,167
1.4,8,170
5.3,15.7,314
5.3,15.7,314
5.3,21.2,298
5.3,16.8,337
5.3,16.8,337
6.2,17.2,343
5.3,15.7,314
5.3,15.7,314
5.3,21.2,298
5.3,16,325
5.3,16,325
6.2,16.5,327
3.6,13,261
3.6,13.6,276
1.4,9.1,196
1.4,10,214
3.6,12.4,242
5.7,14.7,289
3.6,12.8,258
3.6,12.4,249
3.6,12.4,249
3.6,12.4,242
5.7,14.7,289
5.7,15.6,307
6.4,15.8,305
6.4,16.7,325
3.6,12.8,258
6.4,15.8,305
6.4,16.7,325
6.2,17.6,339
6.2,18.1,352
6.2,18.6,358
6.2,18.1,352
3.6,13.7,271
3.6,12.4,242
5.7,14.7,289
6.4,15.8,305
3.6,12.8,258
6.4,15.8,305
6.2,19,368
3.6,12.7,265
5.7,16.7,331
6.4,18.3,363
3.6,13.7,276
2.4,12.7,261
1.4,9.3,187
1.4,9,185
1.4,10.7,221
1.3,10,213
1,8.6,197
2,10.2,216
2,11.2,229
2,11.4,233
2,11.4,233
2.7,12.5,258
1.5,8.6,185
1.5,8.9,196
2,10.4,213
2.5,5.4,136
2.5,5.5,139
3.5,14.1,294
3.5,14.7,308
2.3,11.6,241
3,13.3,278
3.3,10.1,225
2.7,12,249
3,11.1,264
3,11.1,264
3.3,12.1,254
3.3,16.6,245
3.5,14.3,298
5,14.3,297
5,20,293
5,14.4,305
5,20,294
5,15.1,319
5,19.9,300
2.7,13.1,277
3,11.9,290
3,11.3,270
3.3,12.9,274
3.3,17.6,265
3.5,14.6,304
3.5,13.8,296
5,15.1,317
5,20.3,296
3.5,15.3,336
1.5,10,203
2,5.5,131
3.5,19.8,393
2.3,11.2,221
2.3,11.8,242
2.3,11.2,226
2.3,11.8,244
5,15,289
5,16.1,312
5,16.4,319
2.3,11.8,242
2.3,11.8,244
2.3,11.8,240
2.3,12.1,252
5,15.4,303
2.3,11.8,256
5.2,17.1,342
5.2,19.9,392
3.5,16.2,340
3.5,16.7,352
2,9.8,219
2,13.3,209
2,9.8,219
2.5,12,247
2,9.9,214
2,9.9,214
2,13.7,208
2.5,12.1,251
2,12.8,255
2,11.4,238
3.3,14.1,284
3.3,13.8,282
3.8,13.4,276
5,15.6,312
3.3,13.6,280
5,15.4,311
2,11,225
2.5,11.3,238
3.6,12.6,257
2,11.3,232
3.6,13.1,269
2.5,12.1,252
2.8,11.8,270
3.6,13.4,273
2.5,12.6,265
2.8,12.3,284
3.6,14,286
2.7,11.9,262
2.7,12.5,275
3,10.2,245
4.3,15.1,318
5.3,15.9,326
5.3,16,339
5.3,14,288
2.7,12.5,275
2.7,12.7,280
3,10.5,265
3,10.5,265
4.3,15.7,331
5.3,15.9,331
5.3,16.4,344
5.3,16.7,354
5.3,14.7,304
5.3,15.1,314
5.3,14.3,298
5.3,14.7,307
6.2,15.5,326
6.2,15.7,332
1.5,9.2,202
1.5,9.5,210
2,11.2,239
5.3,15.7,314
5.3,15.7,314
5.3,21.2,298
5.3,16,325
5.3,16,325
6.2,16.5,327
5.3,15.7,314
5.3,15.7,314
5.3,21.2,298
5.3,16.8,337
5.3,16.8,337
6.2,17.2,343
1.5,7.9,170
1.5,8.2,177
1.5,8.9,185
2,10.7,214
2,10.4,211
2,5,117
1.5,7.8,167
2,7.8,164
2,8.3,176
2,9.3,189
1.5,8.9,183
1.5,7.7,162
1.5,8,167
1.5,8,172
1.5,8,167
1.5,7.8,165
2,7.9,167
2,8.2,172
2,9.3,186
1.5,8.9,183
2,10.5,223
1.5,8.3,180
1.5,8.7,189
1.5,7,151
1.5,7.6,166
1.5,8.1,174
1.8,8.4,181
1.8,8.8,193
1.8,9.1,200
1.5,4.6,115
3.5,12.2,248
3.5,12.5,265
3.5,13,266
3.5,12.4,257
3.5,12.6,269
1.6,7.3,160
1.6,7.8,168
1.6,8.9,192
1.6,10.1,214
2,7.8,161
2,9.1,187
1.6,9.7,205
1.6,10.3,218
2,9.4,199
2,9.8,207
1.6,4.2,99
1.6,4.2,96
2,8.6,187
1.6,9,201
2,9.2,202
3.8,11.9,250
3.8,12.3,265
2.4,10.8,225
2,12,255
2.4,11.3,238
1.6,8.6,181
2.5,8.8,182
2,5.3,117
2,10,216
2,10.8,239
2.4,11,241
1.6,8.5,184
1.6,9.4,196
2,9.1,193
2,10.6,226
1.6,8,178
1.6,8.6,184
3,12.5,254
3,12.5,261
3,12.3,251
3,12.5,259
2,10.8,228
3.5,12.5,257
5.6,17.8,360
2,11,231
2,11.2,236
2,10.7,227
2,10.9,232
3,13.3,277
5,14.5,303
2,10.2,215
3,11.9,242
3,12.4,253
3,13,265
5,15.2,299
5,15.2,299
2,10.2,215
3,11.9,242
3,12.4,253
3,13,265
5,15.2,299
5,15.2,299
2,9.8,200
2,10.7,220
2,10.1,207
2,10.6,217
3,12,243
2,10.4,214
2.4,10.8,219
3.2,11.9,240
2,11.2,229
2.4,11.2,230
3.2,12.2,249
2,11.5,240
3.2,12.8,259
2,11.8,249
3.2,12.9,269
2.4,10.6,218
2.4,10.4,211
2.4,10.8,222
2.4,10.8,221
3.6,13.7,290
3.6,14.3,296
3.6,12.7,265
5.7,16.7,331
6.2,20.9,413
6.4,18.3,368
1.3,9.8,204
2.4,10.8,222
1.3,10.1,216
1.3,10.8,230
2.4,11.2,230
2,10.7,241
3.6,12.8,274
3.6,12,259
3.6,13.7,277
2,11.5,263
2,11.3,257
3,10.6,255
3.6,12.9,280
3.6,12.6,276
3.6,13.8,285
1.6,8.7,184
2,7.9,165
2,8.6,180
1.6,8.9,190
2,8,169
1.6,4.6,114
1.6,4.5,110
1.6,5.1,129
2.4,9.5,199
2,5.9,132
1.6,7.2,151
1.6,7.8,167
3.3,12.7,271
2.4,11.2,242
3.3,12.3,261
2,8.6,188
2,9.6,206
2.4,10.1,214
2,12.1,261
2.4,10.8,239
3.3,13.6,279
3.8,12.5,264
5.2,18,370
5.2,18,370
5.2,18,370
5.2,18,370
4,19.2,384
3,14.8,311
3,11.3,279
2,12.6,266
2,12.3,262
3,12.2,258
3,10.7,256
5,14.4,305
5,14.4,305
5,17.1,354
5,17.9,365
3,12.6,264
3,10.7,256
5,14.1,294
5,16.2,336
2,11.8,245
2,11.4,242
2,11.2,238
2,11.7,248
3,13,273
3,13,273
5,15.2,318
2.5,5.5,124
3.5,10.7,213
3.5,10.9,219
3.5,12.3,254
5,14.9,293
4.6,16.2,337
2,11,220
3.5,12.3,254
3.5,12.3,254
5,15.1,294
3.5,9,189
3.4,13.2,262
3.5,10.3,214
5.7,19.2,395
2,10.7,226
2,10.8,232
2.5,7.2,176
3.5,13.1,262
3.5,13.1,262
5,14.4,285
3.5,12.2,252
3.5,13.1,268
3.5,7.5,185
3.5,8.1,190
2,8,168
2,5.7,140
3,13.7,280
2.7,14,281
3,14.5,289
3.7,14.3,287
2,11.1,229
2.3,11.1,230
2,12.1,245
2,5.5,131
2,12,250
2.7,12.5,258
3.5,15,315
3,14.1,286
3,14.1,286
3,14.7,295
3,15.9,324
3,15.9,324
3.8,17.3,360
3.8,17.3,360
3,14.1,286
3,15,301
3.8,16,321
2,8.3,179
2,8.8,186
2,8.6,189
2,8.9,189
2.5,9.3,194
2,9.4,202
2.5,9.9,208
2.5,9.5,200
2.5,9.7,206
2.5,9.3,201
2.5,10.2,217
2.5,9.8,208
2.5,10.8,230
2.5,11.6,244
2,8.4,178
2,8.7,180
2.5,8.8,181
2.5,8.8,183
2.5,9.2,192
2,8.6,181
2,8.7,181
2.5,9,187
2.5,9.2,189
2.5,9.8,204
2.5,9,188
2.5,10,208
2,9,186
2,9,189
3,12.4,253
3,12.7,263
3,12.9,255
3,12.4,255
4,13.2,263
4,13.2,263
4,13.9,282
4,13.9,277
3,12.4,235
3,11.2,232
3,12.5,245
3,12.3,237
4,16,318
4,14.6,299
4,18.1,396
4,15,309
4,15,309
4,15.9,327
4,14.1,275
4,15.8,306
4,14,271
6,18.6,356
2,11,219
2,11.3,231
2,10.9,221
2,10.9,221
3,11.3,213
3,12.7,271
3,12.5,257
4,18,378
4,14.4,286
6,18.4,355
3,12.8,253
4,13.5,265
4,13.5,265
4.7,13.5,270
2,10,205
1.5,8.3,174
1.5,8.3,174
1.5,9.7,197
1.5,8.3,174
1.5,9.8,200
2,8.9,184
2,8.9,184
2,10.2,207
2,9.2,191
2,10.4,212
2,9.2,190
2,10.1,210
2,9.4,194
2,10,210
1.5,9.6,216
1.2,6.6,143
1.2,7.1,151
2.4,9.9,212
3,12,246
2,9.7,206
2,10.1,213
2.4,10.3,218
3.7,12.6,261
3.7,13.3,270
3.7,13,271
3.7,13.6,279
2.5,9.1,186
2.5,9.3,190
5.6,17.5,362
3.8,13.1,273
3.8,13.8,287
3.8,14.4,300
1.6,7.7,169
3.5,11.6,233
3.5,11.7,240
3.5,11.7,242
2,9.8,218
2,8.8,192
2,10.1,217
2,9,198
3.5,11.6,240
3.5,12.1,251
3.5,12.4,257
2.5,9.1,192
2.5,9.6,204
2,8,167
2,8.2,171
2,9.4,188
5.6,15.1,313
5.6,15.1,313
1.6,7.4,158
1.6,8.6,181
3,13.1,271
3,12.7,272
3,13.1,277
3,13.1,277
3,12.5,269
2.9,13.1,278
4,15.6,329
2,12.2,264
3,12.9,272
3,12.4,250
3,12.4,253
3,12.4,253
3,12.2,250
2.9,13.1,261
2.9,13.1,261
2.9,13.1,273
4,14.5,295
4,15.7,313
4,12.8,261
4,12.8,261
4,13.4,279
3,10.5,243
3.6,11.9,253
3.6,11.6,245
5.7,16.2,320
5.7,14.1,290
3,11.1,260
3.6,12.2,260
5.7,16.1,325
5.7,14.2,299
3.6,13.9,280
5.7,15.7,319
3.6,14.5,294
5.7,16.2,330
2.4,11.2,232
6.7,20.1,386
6.7,20.1,386
6.6,20.4,400
6.6,20.4,400
6.6,20.4,400
6.7,20,382
6.7,20,382
6.6,19.6,387
2.4,11.6,244
2,9.7,200
2,11.2,231
2,11.6,239
2,8.5,185
2,10.5,220
2.5,9,192
2,8.3,174
2,10.1,210
2,8.4,178
2,10.1,211
2.4,9.9,205
2.5,8.8,185
2.4,10.1,213
2.5,9,192
2,12.9,263
2,11.3,236
2.5,14.3,297
4,14.8,321
4,14.8,321
2,9.9,204
2,11.2,232
3.5,10.9,220
2,8.7,189
2.5,8.1,164
2.5,8.5,173
2.5,8.6,177
3.5,10.5,210
3.5,10.7,215
3.5,10.8,220
2.5,9.3,190
2.5,9.5,197
2.5,4.9,113
2.5,5.3,121
1.8,7.9,165
1.8,8.1,170
1.8,8,165
2,7.6,158
2,7.7,164
2,8.2,173
2,7.5,158
2,8.4,174
1.8,4.4,106
3,9.9,208
3.5,11.9,240
3.5,11.7,240
2.5,6.7,158
2.5,6.6,156
1.8,4.4,106
1.8,4.5,109
1.5,4.9,120
2.5,8.8,184
2.5,9.2,194
2.5,9.5,200
2.5,5.7,139
5.7,18.5,385
3.5,12.6,259
3.5,13.4,274
2.7,12.1,263
2.7,12.7,274
3.5,13,278
3.5,13.8,299
3.5,13.8,300
5.7,17.7,371
5.7,18,381
1.5,7.3,155
1.5,7.8,165
2,11.5,234
2,12.8,273
1.4,8.1,174
1.4,8.4,177
2,9.7,203
2,9.8,203
1.4,7.8,162
1.4,7.9,163
2,9.3,196
2,9.6,198
2,10.2,205
2,10.5,221
2,11.5,241
2,10.5,208
2,11,219
2,11.3,223
2,10.5,208
2,11,219
2,10.8,220
2,10.2,210
2,10.7,219
2,11.2,232
2,11.7,240
2,11.2,232
2,12.2,248
